state,quarter,date,hpi,hpi_log_growth,CPIAUCSL,CPIAUCSL_transformed,FEDFUNDS,FEDFUNDS_transformed,GS10,GS10_transformed,HOUST,HOUST_transformed,PERMIT,PERMIT_transformed,PAYEMS,PAYEMS_transformed,covid
AZ,1975Q1,1975-01-01,59.47,,52.5667,-0.009099038907365298,6.3033,-3.0434,7.54,-0.1299999999999999,976.3333,-0.047342240317117756,721.3333,-0.13468599966111405,76953.0,-0.015848859268690063,0
AZ,1975Q2,1975-04-01,60.45,0.016344593342299873,53.2,-0.00917228589383301,5.42,-0.8833000000000002,8.05,0.5100000000000007,1071.0,0.09254404642947112,908.6667,0.23087705518461288,76535.0,-0.005446693336045527,0
AZ,1975Q3,1975-07-01,59.04,-0.023601396768585303,54.2667,0.007876825871649729,6.16,0.7400000000000002,8.2967,0.2466999999999988,1250.0,0.15455075984859779,1026.0,0.12144466545856147,77050.3333,0.006710734975589716,0
AZ,1975Q4,1975-10-01,55.95,-0.053756745534282224,55.2667,-0.001592604784701912,5.4133,-0.7467000000000006,8.0633,-0.2333999999999996,1341.6667,0.07076909573292767,1099.0,0.06873292867290637,77747.3333,0.009005364559596885,0
AZ,1976Q1,1976-01-01,58.97,0.0525704052544782,55.9,-0.00686595502661369,4.8267,-0.5865999999999998,7.7533,-0.3099999999999996,1442.0,0.07211839181562052,1183.0,0.07365290957476578,78789.0,0.01330914113220949,0
AZ,1976Q2,1976-04-01,62.68,0.06101357747540703,56.4,-0.0024890446488816664,5.1967,0.3700000000000001,7.7733,0.019999999999999574,1449.6667,0.005302629078425269,1171.3333,-0.00991091235705266,79326.6667,0.006800955068033687,0
AZ,1976Q3,1976-07-01,60.94,-0.02815264393025707,57.3,0.006926686873720556,5.2833,0.08659999999999979,7.73,-0.04329999999999945,1557.0,0.07142722491067843,1345.0,0.1382513404146053,79714.3333,0.0048750620001243306,0
AZ,1976Q4,1976-10-01,61.46,0.008496783144775755,58.1333,-0.001393439525265272,4.8733,-0.40999999999999925,7.19,-0.54,1691.3333,0.08275625994880187,1489.0,0.10171074064806973,80199.6667,0.006069948724258367,0
AZ,1977Q1,1977-01-01,63.47,0.03218079661604012,59.2,0.0037448667864357077,4.66,-0.21330000000000027,7.3533,0.16329999999999956,1844.3333,0.08660070437382128,1562.0,0.047862297715622226,81023.0,0.010213705979891685,0
AZ,1977Q2,1977-04-01,63.55,0.001259644317084252,60.2333,-0.0008790788413230999,5.1567,0.4966999999999997,7.37,0.01670000000000016,1918.6667,0.039512660555702794,1693.3333,0.08073190181974699,82101.3333,0.01322119129442001,0
AZ,1977Q3,1977-07-01,65.94,0.03691824000812183,61.0667,-0.0035624597397170277,5.82,0.6633000000000004,7.3567,-0.01330000000000009,2009.0,0.0460065681026105,1713.6667,0.011936390619484705,83147.0,0.012655869335640446,0
AZ,1977Q4,1977-10-01,69.61,0.05416299753699061,61.9667,0.0008890806626480341,6.5133,0.6932999999999998,7.5967,0.2400000000000002,2075.3333,0.03248468145683159,1761.0,0.027246485657342667,84127.6667,0.011725361106103449,0
AZ,1978Q1,1978-01-01,70.98,0.01948991203777517,63.0333,0.00243557963321539,6.7567,0.24340000000000028,8.01,0.41329999999999956,1829.3333,-0.12617018375572986,1758.3333,-0.0015154577773941469,85000.6667,0.010323613269429543,0
AZ,1978Q2,1978-04-01,73.61,0.036382738852264396,64.4667,0.005419639045925351,7.2833,0.5265999999999993,8.32,0.3100000000000005,2114.0,0.14463030391414655,1899.0,0.07696106009347403,86540.3333,0.017951486198549915,0
AZ,1978Q3,1978-07-01,78.83,0.06851274900120163,65.9667,0.0005156045933603082,8.1,0.8167,8.49,0.16999999999999993,2019.3333,-0.045814480018208315,1742.6667,-0.08591090560850922,87436.0,0.010296510980237983,0
AZ,1978Q4,1978-10-01,82.76,0.04865121780552606,67.5,-2.372919946846963e-05,9.5833,1.4832999999999998,8.82,0.33000000000000007,2039.6667,0.010019004724995284,1798.0,0.031258409827788824,88339.3333,0.010278361994558338,0
AZ,1979Q1,1979-01-01,86.87,0.04846789539448615,69.2,0.0018957361126483718,10.0733,0.4900000000000002,9.1067,0.28669999999999973,1665.6667,-0.20256094844886796,1557.6667,-0.1434859395997199,89114.0,0.008730989795115107,0
AZ,1979Q2,1979-04-01,92.35,0.06117295837341974,71.4,0.006423741976774977,10.18,0.10670000000000002,9.1133,0.006600000000000605,1845.6667,0.10261510352707681,1640.3333,0.051710456444950204,89771.3333,0.007349247101450018,0
AZ,1979Q3,1979-07-01,95.12,0.02955354573727753,73.7,0.00040792312783732854,10.9467,0.7667000000000002,9.1033,-0.009999999999999787,1790.0,-0.03062494738037813,1587.6667,-0.032633998748874404,90281.3333,0.005665024279407405,0
AZ,1979Q4,1979-10-01,98.54,0.03532330473329104,76.0333,-0.0005363268271159072,13.5767,2.630000000000001,10.4467,1.343399999999999,1567.6667,-0.1326272842948395,1337.0,-0.17183715602597793,90575.3333,0.0032511962594341526,0
AZ,1980Q1,1980-01-01,100.0,0.014707628872274725,79.0333,0.00752927739962761,15.0467,1.4699999999999989,11.9867,1.540000000000001,1246.0,-0.22964991519256284,1155.6667,-0.14575089124164986,90892.3333,0.003493738894499998,0
AZ,1980Q2,1980-04-01,98.06,-0.019590649765004464,81.7,-0.005513161196498473,12.6867,-2.3599999999999994,10.4767,-1.5100000000000016,1058.0,-0.16355808692915375,929.0,-0.2183239470464553,90456.6667,-0.004804740452195588,0
AZ,1980Q3,1980-07-01,106.49,0.08247154780420463,83.2333,-0.014591212954761623,9.8367,-2.8499999999999996,10.9533,0.47660000000000124,1392.0,0.27436122847612054,1370.0,0.3884572800083328,90050.6667,-0.0044984397808374155,0
AZ,1980Q4,1980-10-01,107.48,0.009253699719998565,85.5667,0.00905517436074188,15.8533,6.0166,12.4233,1.4699999999999989,1505.0,0.0780513362886106,1332.6667,-0.027628767417429145,90726.6667,0.00747884857227632,0
AZ,1981Q1,1981-01-01,108.25,0.007138583135308352,87.9333,-0.0003662968604762895,16.57,0.7166999999999994,12.96,0.5367000000000015,1366.3333,-0.09666216974294262,1201.0,-0.10402742932475828,91116.0,0.0042820961876319785,0
AZ,1981Q2,1981-04-01,111.07,0.025717266296429564,89.7667,-0.00664687382878526,17.78,1.2100000000000009,13.75,0.7899999999999991,1181.6667,-0.14520482893317066,1113.0,-0.07609547080443857,91356.3333,0.0026341904509621372,0
AZ,1981Q3,1981-07-01,115.75,0.04127205978731485,92.2667,0.006833703922071166,17.5767,-0.20330000000000226,14.8467,1.0967000000000002,964.0,-0.20358988389631705,890.3333,-0.22321846427285585,91547.6667,0.002092173706337519,0
AZ,1981Q4,1981-10-01,108.81,-0.06182945100342252,93.7667,-0.01134272789157631,13.5867,-3.9899999999999984,14.0867,-0.7599999999999998,873.3333,-0.09877402469145213,758.3333,-0.1604728882417925,91148.6667,-0.004367910695734167,0
AZ,1982Q1,1982-01-01,104.68,-0.03869516430097519,94.6,-0.007278792235141829,14.2267,0.6399999999999988,14.2933,0.2065999999999999,880.0,0.007604637553158433,831.0,0.09150679609455192,90520.6667,-0.006913687519293887,0
AZ,1982Q2,1982-04-01,108.53,0.03611855479597814,95.9667,0.005496086497117858,14.5133,0.28659999999999997,13.93,-0.3633000000000006,948.0,0.07443259478276953,918.0,0.09956759576504215,90040.6667,-0.005316765463355466,0
AZ,1982Q3,1982-07-01,101.27,-0.06923641511373013,97.6333,0.0028735872243261795,11.0067,-3.506599999999999,13.1167,-0.8132999999999999,1118.6667,0.16553830646134315,1004.0,0.08954990963118359,89355.6667,-0.007636759527017034,0
AZ,1982Q4,1982-10-01,107.32,0.058024808213229306,97.9333,-0.014149356507337174,9.2867,-1.7200000000000006,10.6667,-2.4499999999999993,1282.6667,0.13680374038864862,1243.0,0.2135357912590372,88821.3333,-0.005997799960981709,0
AZ,1983Q1,1983-01-01,118.12,0.0958860313182992,98.0,-0.002387166985384326,8.6533,-0.6334,10.5633,-0.1034000000000006,1630.3333,0.23984320232051726,1457.3333,0.15908044624478102,88999.0,0.0019982727039451476,0
AZ,1983Q2,1983-04-01,118.36,0.0020297706562866225,99.1333,0.010817086473278614,8.8033,0.15000000000000036,10.5433,-0.019999999999999574,1660.3333,0.01823389290335342,1668.0,0.1350170451631998,89676.3333,0.007581757728788219,0
AZ,1983Q3,1983-07-01,114.59,-0.032370287093652195,100.1,-0.0017936532290745433,9.46,0.6567000000000007,11.6267,1.0833999999999993,1801.6667,0.08169381557770272,1697.6667,0.017629474932594924,90604.3333,0.01029514938074172,0
AZ,1983Q4,1983-10-01,112.42,-0.01911868286442786,101.1,0.00023616249448732418,9.43,-0.030000000000001137,11.6867,0.0600000000000005,1729.3333,-0.04097622241361254,1670.3333,-0.01623159151576914,91875.0,0.013926916709511517,0
AZ,1984Q1,1984-01-01,116.93,0.039333607578298846,102.5333,0.004137058134120686,9.6867,0.2567000000000004,11.9433,0.2566000000000006,1940.0,0.11495201456440007,1842.6667,0.09819062853360272,93086.3333,0.013098420056078197,0
AZ,1984Q2,1984-04-01,120.87,0.033140122719138354,103.5,-0.004693508999745966,10.5567,0.8699999999999992,13.2,1.2566999999999986,1822.6667,-0.06238732459342167,1777.0,-0.0362872667144698,94123.0,0.011075059965255818,0
AZ,1984Q3,1984-07-01,122.11,0.010206689973564664,104.4,-0.0007259260965106762,11.39,0.8333000000000013,12.8667,-0.3332999999999995,1672.0,-0.08628013381930533,1552.6667,-0.13495264491003311,95055.0,0.009853233889254298,0
AZ,1984Q4,1984-10-01,121.69,-0.0034454504962218024,105.3,-7.431905172428088e-05,9.2667,-2.1233000000000004,11.7433,-1.1234000000000002,1630.3333,-0.025236042219116683,1586.3333,0.021451348195564712,95906.0,0.008912873660738896,0
AZ,1985Q1,1985-01-01,124.48,0.022668233081372335,106.2667,0.0005548090928666483,8.4767,-0.7900000000000009,11.5833,-0.16000000000000014,1714.3333,0.050239786237371575,1683.0,0.059152662750623364,96572.3333,0.006923750330562584,0
AZ,1985Q2,1985-04-01,124.86,0.0030480492035174223,107.2333,-8.368998023833285e-05,7.9233,-0.553399999999999,10.8133,-0.7699999999999996,1725.6667,0.0065892098870961036,1696.3333,0.00789112407969128,97269.6667,0.007194894895917514,0
AZ,1985Q3,1985-07-01,126.38,0.012100131711711093,107.9,-0.002856825268136909,7.9,-0.023299999999999876,10.3367,-0.47659999999999947,1701.0,-0.01439715515413642,1807.0,0.06319897232173144,97844.3333,0.005890589723932749,0
AZ,1985Q4,1985-10-01,128.26,0.014766212375406873,109.0,0.003944972429172466,8.1033,0.20330000000000048,9.76,-0.5767000000000007,1824.6667,0.0701810268048293,1743.0,-0.03606024507220784,98428.3333,0.005950922597339314,0
AZ,1986Q1,1986-01-01,130.78,0.01945706841241357,109.5667,-0.004957395963400835,7.8267,-0.27660000000000107,8.5567,-1.2033000000000005,1898.6667,0.03975456277919065,1798.0,0.031067169511544535,98837.6667,0.004150071350347062,0
AZ,1986Q2,1986-04-01,134.61,0.02886518652287151,109.0333,-0.010065770073175884,6.92,-0.9066999999999998,7.6033,-0.9533999999999994,1878.0,-0.010944522211673302,1815.0,0.009410531667385591,99174.6667,0.0034038316663291823,0
AZ,1986Q3,1986-07-01,134.59,-0.0001485884103775703,109.7,0.01097618319343141,6.2067,-0.7133000000000003,7.3067,-0.29659999999999975,1758.6667,-0.06565141564535981,1730.6667,-0.04757875772273401,99665.0,0.004931956505972224,0
AZ,1986Q4,1986-10-01,132.16,-0.018219810472955622,110.4667,0.0008687236713633695,6.2667,0.0600000000000005,7.2633,-0.043400000000000105,1712.3333,-0.026699021790305366,1740.6667,0.005761490764498056,100312.6667,0.006477412955078421,0
AZ,1987Q1,1987-01-01,136.99,0.03589462069063032,111.8,0.005032691853267934,6.22,-0.04670000000000041,7.1933,-0.07000000000000028,1761.3333,0.028214135716505773,1694.3333,-0.026978870635343988,100920.3333,0.006039451253530004,0
AZ,1987Q2,1987-04-01,135.9,-0.007988609306200267,113.0667,-0.0007310933066237979,6.65,0.4300000000000006,8.3433,1.1499999999999995,1612.0,-0.08859543498247557,1541.0,-0.09485777378525562,101709.0,0.007784368330895575,0
AZ,1987Q3,1987-07-01,134.84,-0.007830430791238463,114.2667,-0.0007090696300746657,6.8433,0.1932999999999998,8.8767,0.5334000000000003,1625.0,0.008032171697264445,1513.6667,-0.017896570868693118,102438.0,0.007141942802919132,0
AZ,1987Q4,1987-10-01,132.77,-0.015470582458049442,115.3333,-0.0012662721083689377,6.9167,0.07339999999999947,9.1233,0.24660000000000082,1523.6667,-0.06438808322315204,1416.3333,-0.06646363653967047,103390.3333,0.009253731792281172,0
AZ,1988Q1,1988-01-01,133.74,0.007279308718022293,116.2333,-0.0015178267397164547,6.6633,-0.25340000000000007,8.4167,-0.7065999999999999,1425.3333,-0.06671405145020248,1402.3333,-0.009933856759248627,104152.0,0.007339901285662975,0
AZ,1988Q2,1988-04-01,135.41,0.012409596368899933,117.5667,0.003633273005188009,7.1567,0.4934000000000003,8.91,0.4932999999999996,1490.6667,0.04481778843770101,1452.6667,0.035263478630257694,105006.6667,0.008172469927822945,0
AZ,1988Q3,1988-07-01,133.34,-0.015404955804818599,119.0,0.0007112071436514711,7.9833,0.8266,9.1,0.1899999999999995,1484.0,-0.004482324800858528,1445.0,-0.0052916492362280465,105745.6667,0.007012999731744074,0
AZ,1988Q4,1988-10-01,133.69,0.002621429805117259,120.3,-0.0012525311414925966,8.47,0.4867000000000008,8.9567,-0.14329999999999998,1551.3333,0.04437360997990858,1508.3333,0.04289594481993664,106597.0,0.008018528491952281,0
AZ,1989Q1,1989-01-01,132.39,-0.009771575045466108,121.6667,0.0004315860372097191,9.4433,0.9733,9.2067,0.25,1489.3333,-0.040786184567632056,1354.3333,-0.107695962659208,107403.0,0.007532745898924276,0
AZ,1989Q2,1989-04-01,131.82,-0.004314756324991897,123.6333,0.0047378714196870675,9.7267,0.28339999999999854,8.7733,-0.4333999999999989,1355.6667,-0.09403520731233961,1359.6667,0.003930292457999585,107910.3333,0.0047125204103473095,0
AZ,1989Q3,1989-07-01,133.98,0.01625317945554805,124.6,-0.008245907185595591,9.0833,-0.6433999999999997,8.1067,-0.6666000000000007,1346.0,-0.0071561316225894345,1310.3333,-0.036958063850330625,108186.0,0.0025513329663997553,0
AZ,1989Q4,1989-10-01,133.14,-0.006289328907564062,125.8667,0.0023261239399516853,8.6133,-0.46999999999999886,7.9067,-0.20000000000000018,1337.3333,-0.006459674716181141,1377.0,0.04962568741372397,108688.0,0.0046294244266587015,0
AZ,1990Q1,1990-01-01,132.98,-0.0012024651982489587,128.0333,0.006952171820781672,8.25,-0.3633000000000006,8.4233,0.5165999999999995,1425.6667,0.06396200745118108,1441.0,0.04543009727086744,109424.0,0.006748851906793973,0
AZ,1990Q2,1990-04-01,132.13,-0.006412454548183177,129.3,-0.00722207645817452,8.2433,-0.006700000000000372,8.6767,0.25340000000000096,1212.3333,-0.1620927141159827,1103.6667,-0.2666993169180296,109784.0,0.003284554611592938,0
AZ,1990Q3,1990-07-01,133.47,0.010090447059934782,131.5333,0.00727986627841215,8.16,-0.08329999999999949,8.7033,0.02660000000000018,1132.0,-0.068560870060562,1041.0,-0.05845621046652294,109648.0,-0.0012395641238640565,0
AZ,1990Q4,1990-10-01,132.09,-0.010393225050287391,133.7667,-0.0002875794257013453,7.7433,-0.4167000000000005,8.3967,-0.3066000000000013,1042.6667,-0.0822044137967275,909.0,-0.1355919744374905,109255.6667,-0.003584533105373211,0
AZ,1991Q1,1991-01-01,134.07,0.01487854317769699,134.7667,-0.009389288770869086,6.4267,-1.3165999999999993,8.0167,-0.379999999999999,894.6667,-0.1530855982851147,850.0,-0.06710874469311623,108787.0,-0.0042988597493067715,0
AZ,1991Q2,1991-04-01,134.98,0.006764567701790902,135.5667,-0.0015292627179492868,5.8633,-0.5634000000000006,8.13,0.11330000000000062,1011.0,0.12224397233918527,957.0,0.1185670419685918,108311.0,-0.004385123425938886,0
AZ,1991Q3,1991-07-01,134.45,-0.003934236600386498,136.6,0.001674542203309315,5.6433,-0.21999999999999975,7.94,-0.1900000000000004,1042.3333,0.030521817789726846,963.6667,0.0069420964853890155,108308.3333,-2.4621071069930167e-05,0
AZ,1991Q4,1991-10-01,138.4,0.028955660468695577,137.7333,0.0006690824169366394,4.8167,-0.8266,7.3467,-0.5933000000000002,1087.0,0.04195985031101124,1012.0,0.04893836190906775,108330.3333,0.00020310317101568387,0
AZ,1992Q1,1992-01-01,139.08,0.004901263956091029,138.6667,-0.001508254013153909,4.0233,-0.7934000000000001,7.3033,-0.043400000000000105,1241.0,0.13249589808339746,1101.6667,0.08489564402745131,108348.0,0.00016306845054714358,0
AZ,1992Q2,1992-04-01,138.82,-0.0018711772282227201,139.7333,0.0009083883973879381,3.77,-0.25329999999999986,7.3767,0.07339999999999947,1152.6667,-0.07383937871103186,1055.6667,-0.04265170442870936,108622.6667,0.002531833919299231,0
AZ,1992Q3,1992-07-01,139.78,0.006891628137545069,140.8,-5.755587647016114e-05,3.2567,-0.5133000000000001,6.6167,-0.7599999999999998,1183.6667,0.026538865942484335,1092.6667,0.034448711695918455,108886.6667,0.002427483230370342,0
AZ,1992Q4,1992-10-01,140.58,0.005706963698776768,142.0333,0.0011162554922270473,3.0367,-0.21999999999999975,6.7433,0.12659999999999982,1228.3333,0.03704121638222535,1142.0,0.04415988907388435,109308.0,0.0038619992876611775,0
AZ,1993Q1,1993-01-01,140.7,0.0008532423725835514,143.0667,-0.0014716754981103364,3.04,0.0032999999999998586,6.28,-0.4632999999999994,1167.6667,-0.0506507257419484,1127.0,-0.013221876176179315,109947.0,0.0058288459482476185,0
AZ,1993Q2,1993-04-01,142.4,0.012010034857532048,144.1,-5.2870003525384845e-05,3.0,-0.040000000000000036,5.99,-0.29000000000000004,1266.0,0.08085483962778461,1115.3333,-0.010405951047548712,110537.6667,0.005357906487287067,0
AZ,1993Q3,1993-07-01,143.52,0.007834399332610431,144.7667,-0.002580569802709931,3.06,0.06000000000000005,5.6167,-0.3733000000000004,1299.0,0.025732413966478518,1218.3333,0.08833049316375963,111234.0,0.006279752492302393,0
AZ,1993Q4,1993-10-01,145.43,0.01322047287913275,145.9667,0.0036390542508861756,2.99,-0.06999999999999984,5.6067,-0.009999999999999787,1433.6667,0.09864055069543376,1368.3333,0.116109652701895,112015.3333,0.0069996759103094774,0
AZ,1994Q1,1994-01-01,147.42,0.013590784571523962,146.7,-0.0032438607265552477,3.2133,0.2232999999999996,6.0667,0.45999999999999996,1391.0,-0.030212375442590478,1333.6667,-0.025661363675006044,112876.0,0.007654104666782402,0
AZ,1994Q2,1994-04-01,149.52,0.014144507386165017,147.5333,0.0006530562151585428,3.94,0.7267000000000001,7.0833,1.0166000000000004,1466.6667,0.05296936204207192,1381.6667,0.035358457843861046,113916.6667,0.009177316172959138,0
AZ,1994Q3,1994-07-01,151.46,0.012891400538369346,148.9,0.0035567988165539077,4.4867,0.5467,7.3333,0.25,1454.3333,-0.008444692430024325,1374.6667,-0.005079222309694487,114918.6667,0.008757444831235972,0
AZ,1994Q4,1994-10-01,153.16,0.011161562923416746,149.7667,-0.003417216392334943,5.1667,0.6799999999999997,7.8367,0.5034000000000001,1472.0,0.012074437753330614,1377.6667,0.0021799693220794225,115832.6667,0.007921989152466224,0
AZ,1995Q1,1995-01-01,155.07,0.012393501266964257,150.8667,0.0015141052140750233,5.81,0.6433,7.4833,-0.3534000000000006,1324.0,-0.1059645627918675,1254.0,-0.0940528288462561,116702.3333,0.007479911882082746,0
AZ,1995Q2,1995-04-01,157.85,0.017768587127942936,152.1,0.0008236182877654485,6.02,0.20999999999999996,6.62,-0.8632999999999997,1287.3333,-0.0280845880699232,1278.3333,0.01921867786476117,117134.3333,0.0036948909489780135,0
AZ,1995Q3,1995-07-01,160.91,0.019199987467057866,152.8667,-0.0031134332429223477,5.7967,-0.22329999999999917,6.3233,-0.2967000000000004,1415.3333,0.09479218161648273,1387.0,0.08158602125720371,117633.6667,0.004253851913068374,0
AZ,1995Q4,1995-10-01,163.0,0.012904998335703688,153.7,0.0004082501885553924,5.72,-0.07670000000000066,5.8933,-0.4299999999999997,1417.3333,0.0014120972318707459,1424.0,0.026326671657090017,118172.0,0.004565914320709297,0
AZ,1996Q1,1996-01-01,165.55,0.015523063186493324,155.0667,0.003416345659204012,5.3633,-0.3567,5.91,0.01670000000000016,1460.6667,0.03011582703254767,1414.6667,-0.006575857343480429,118682.3333,0.004309265383668048,0
AZ,1996Q2,1996-04-01,165.79,0.0014486632581185432,156.4,-0.00029121521960639996,5.2433,-0.1200000000000001,6.72,0.8099999999999996,1495.6667,0.023679085286547163,1449.6667,0.02443971229487918,119475.0,0.006656688803452937,0
AZ,1996Q3,1996-07-01,167.38,0.009544749353353588,157.3,-0.0028234992205051768,5.3067,0.06340000000000057,6.78,0.0600000000000005,1501.3333,0.003781519354451035,1418.3333,-0.021851218085718216,120205.6667,0.0060970204524330995,0
AZ,1996Q4,1996-10-01,168.86,0.00880329263662638,158.6667,0.0029129836300674228,5.28,-0.026699999999999946,6.3433,-0.4367000000000001,1417.0,-0.05781161925824918,1393.6667,-0.017544262231424135,120918.3333,0.005911221406389444,0
AZ,1997Q1,1997-01-01,170.7,0.010837660559040785,159.6333,-0.0025774313618391886,5.2767,-0.0033000000000003027,6.5633,0.21999999999999975,1432.6667,0.010995572110300778,1421.0,0.019422661490922977,121673.3333,0.006224471336761184,0
AZ,1997Q2,1997-04-01,171.59,0.005200280497135168,160.0,-0.00377902885599557,5.5233,0.24659999999999993,6.6967,0.13339999999999996,1476.0,0.029798193359436453,1412.3333,-0.0061176897402566155,122555.0,0.007220051155632845,0
AZ,1997Q3,1997-07-01,174.56,0.017160611787230273,160.8,0.002693036145784866,5.5333,0.009999999999999787,6.2433,-0.45340000000000025,1457.6667,-0.012498719548010406,1461.0,0.033877973393855676,123258.6667,0.005725219687899852,0
AZ,1997Q4,1997-10-01,177.22,0.01512337653439566,161.6667,0.00038791019901385226,5.5067,-0.02659999999999929,5.9067,-0.3365999999999998,1532.0,0.049737064688128996,1474.6667,0.009310865387339717,124232.6667,0.007871023321367687,0
AZ,1998Q1,1998-01-01,179.72,0.014008185582802923,162.0,-0.0033159249325889206,5.52,0.013299999999999201,5.5867,-0.3199999999999994,1558.6667,0.01725670500911214,1602.3333,0.08302888128481545,124996.0,0.006125584965582576,0
AZ,1998Q2,1998-04-01,181.2,0.00820130940692021,162.5333,0.0012270418430011532,5.5,-0.019999999999999574,5.5967,0.009999999999999787,1572.3333,0.008729918106587853,1550.6667,-0.03277591195627938,125788.6667,0.006321513592599359,0
AZ,1998Q3,1998-07-01,183.7,0.013702598612201022,163.3667,0.0018278948140482143,5.5333,0.03329999999999966,5.2033,-0.39340000000000064,1631.3333,0.036836961485087194,1613.6667,0.03982407546189837,126500.6667,0.005644328126528819,0
AZ,1998Q4,1998-10-01,185.8,0.011366834158658357,164.1333,-0.00043292816662976463,4.86,-0.6732999999999993,4.67,-0.5332999999999997,1722.3333,0.05428228536416135,1711.0,0.058568951963719584,127255.3333,0.005947988027214635,0
AZ,1999Q1,1999-01-01,187.66,0.009960988482164979,164.7333,-0.0010326352839786779,4.7333,-0.12670000000000048,4.9833,0.3132999999999999,1709.3333,-0.007576529833868584,1705.6667,-0.003121934212511057,128016.6667,0.005964897500332356,0
AZ,1999Q2,1999-04-01,190.04,0.012602761456816935,165.9667,0.003810463300492728,4.7467,0.013399999999999856,5.54,0.5567000000000002,1574.3333,-0.08227153037659285,1647.3333,-0.034798262033959304,128830.6667,0.006338416789947843,0
AZ,1999Q3,1999-07-01,192.67,0.013744304573948263,167.2,-5.582845734686259e-05,5.0933,0.34660000000000046,5.8833,0.34330000000000016,1650.6667,0.04734738583515963,1634.6667,-0.007718868306268334,129588.3333,0.005863878205810025,0
AZ,1999Q4,1999-10-01,194.58,0.009864508654612969,168.4333,-5.4409750155137715e-05,5.3067,0.21340000000000003,6.14,0.2566999999999995,1654.6667,0.0024203319112494626,1668.0,0.020186373579237582,130475.6667,0.006823988274847537,0
AZ,2000Q1,2000-01-01,198.95,0.02221014732565596,170.1,0.002497548597422572,5.6767,0.3700000000000001,6.48,0.34000000000000075,1659.0,0.002615412389011418,1690.0,0.013103224998427088,131245.0,0.005879058200426002,0
AZ,2000Q2,2000-04-01,201.18,0.011146492833254307,171.4333,-0.0020389034024361763,6.2733,0.5965999999999996,6.1767,-0.3033000000000001,1586.6667,-0.04457961062468474,1570.6667,-0.07322835003139616,132017.3333,0.0058674213363811845,0
AZ,2000Q3,2000-07-01,203.84,0.01313534267760641,173.0,0.0012895545521987017,6.52,0.2466999999999997,5.8933,-0.2834000000000003,1503.6667,-0.05372880865743923,1554.6667,-0.0102389970826815,132266.3333,0.001884339481748043,0
AZ,2000Q4,2000-10-01,206.95,0.015141845810942911,174.2333,-0.0019937135854419807,6.4733,-0.04669999999999952,5.5667,-0.3266,1544.0,0.026469859676401697,1578.0,0.014897040602777523,132541.3333,0.0020769798880060364,0
AZ,2001Q1,2001-01-01,211.59,0.022173221693456036,175.9,0.0024168347684545566,5.5933,-0.8799999999999999,5.05,-0.5167000000000002,1605.0,0.03874730497939449,1671.3333,0.05746346870015362,132747.3333,0.0015530255705549223,0
AZ,2001Q2,2001-04-01,214.84,0.015243125149061676,177.1333,-0.002533541275180795,4.3267,-1.2666000000000004,5.27,0.21999999999999975,1630.0,0.015456258236691944,1652.3333,-0.011433280927001022,132388.6667,-0.002705530888174934,0
AZ,2001Q3,2001-07-01,217.95,0.014372113647142193,177.6333,-0.004168148225196511,3.4967,-0.8299999999999996,4.98,-0.28999999999999915,1599.6667,-0.018784719772997782,1592.6667,-0.03677862903206819,131985.3333,-0.003051235847101097,0
AZ,2001Q4,2001-10-01,220.05,0.009589114572698954,177.5,-0.00356946057338714,2.1333,-1.3634,4.77,-0.21000000000000085,1570.0,-0.01871967568545685,1632.3333,0.02460068246663827,131193.0,-0.006021283621315376,0
AZ,2002Q1,2002-01-01,223.04,0.013496334315059144,178.0667,0.003938294354740357,1.7333,-0.40000000000000013,5.0767,0.3067000000000002,1723.0,0.09299133818557603,1714.3333,0.0490137950493601,130772.6667,-0.0032090744257935455,0
AZ,2002Q2,2002-04-01,226.01,0.013228118508832765,179.4667,0.004643885906293832,1.75,0.016699999999999937,5.1,0.023299999999999876,1691.0,-0.01874688762934973,1714.3333,0.0,130640.6667,-0.0010098950156969266,0
AZ,2002Q3,2002-07-01,229.85,0.016847676171244608,180.4333,-0.0024599711979007566,1.74,-0.010000000000000009,4.26,-0.8399999999999999,1697.3333,0.003738302471958832,1745.3333,0.017921281600230543,130555.6667,-0.0006508514257781428,0
AZ,2002Q4,2002-10-01,232.5,0.01146330277517471,181.5,0.0005229683140761665,1.4433,-0.29669999999999996,4.0067,-0.2532999999999994,1729.6667,0.018870358600627135,1822.0,0.04298925855677105,130566.0,7.914548138465705e-05,0
AZ,2003Q1,2003-01-01,235.25,0.011758553438077968,183.3667,0.004337845982972155,1.25,-0.19330000000000003,3.92,-0.08670000000000044,1736.0,0.0036548852491300465,1806.3333,-0.008635809375488357,130416.3333,-0.0011469490253581682,0
AZ,2003Q2,2003-04-01,237.73,0.010486797444691831,183.0667,-0.011869724983207597,1.2467,-0.0033000000000000806,3.62,-0.2999999999999998,1753.6667,0.010125236850194952,1837.6667,0.017197679616102413,130185.3333,-0.0017728210530236765,0
AZ,2003Q3,2003-07-01,241.39,0.015278306874497716,184.4333,0.009074718883136157,1.0167,-0.22999999999999998,4.2333,0.6132999999999997,1889.6667,0.07469161122549828,1937.3333,0.052815770755764824,130196.3333,8.449135570920419e-05,0
AZ,2003Q4,2003-10-01,249.48,0.03296486887324335,185.1333,-0.003649087541439222,0.9967,-0.019999999999999907,4.2867,0.05339999999999989,2035.6667,0.07442291763368747,1972.3333,0.017904818291845537,130502.6667,0.002350093717186752,0
AZ,2004Q1,2004-01-01,253.86,0.017404182302108495,186.7,0.0046387187415168896,1.0033,0.00660000000000005,4.02,-0.26670000000000016,1918.3333,-0.059366645817998,1994.6667,0.011259710589305527,130905.6667,0.0030833012400695026,0
AZ,2004Q2,2004-04-01,262.9,0.03499079777580505,188.1667,-0.0006017228716839185,1.01,0.006699999999999928,4.6,0.5800000000000001,1937.3333,0.009855703704603869,2080.0,0.041890924997930234,131634.3333,0.005550913925581824,0
AZ,2004Q3,2004-07-01,278.27,0.056818133644459756,189.3667,-0.0014681466710397828,1.4333,0.4233,4.3033,-0.2966999999999995,1977.0,0.02026810435433468,2069.6667,-0.004980313892927413,131960.6667,0.0024760224338145065,0
AZ,2004Q4,2004-10-01,289.74,0.04039210373321023,191.4,0.004323057247757056,1.95,0.5166999999999999,4.1733,-0.1299999999999999,1965.3333,-0.0059186949302061365,2086.0,0.007860776758281673,132520.6667,0.004234709721576024,0
AZ,2005Q1,2005-01-01,307.22,0.05858013420749408,192.3667,-0.00564216478841395,2.47,0.5200000000000002,4.2967,0.12340000000000018,2071.6667,0.052691603126395314,2105.0,0.009067110555763591,132989.6667,0.003532822860689677,0
AZ,2005Q2,2005-04-01,338.94,0.09825899724422626,193.6667,0.001697226661699247,2.9433,0.4732999999999996,4.16,-0.13670000000000027,2051.3333,-0.009863480402523273,2137.6667,0.015399439957597849,133719.0,0.005469151992585353,0
AZ,2005Q3,2005-07-01,367.68,0.08138989409516473,196.6,0.00829737344040371,3.46,0.5167000000000002,4.2133,0.053300000000000125,2100.0,0.0234473727472313,2228.3333,0.041538999834990875,134451.3333,0.0054617161523182745,0
AZ,2005Q4,2005-10-01,393.21,0.06713082563917272,198.4333,-0.005750751616615091,3.98,0.52,4.49,0.27669999999999995,2068.6667,-0.01503305125786003,2169.3333,-0.026834021603955982,134932.3333,0.0035711186000924044,0
AZ,2006Q1,2006-01-01,408.02,0.03697237251101981,199.4667,-0.004087534199871179,4.4567,0.4766999999999997,4.57,0.08000000000000007,2120.3333,0.02466899983624149,2157.0,-0.0057015179159582985,135732.6667,0.005913847246914017,0
AZ,2006Q2,2006-04-01,416.54,0.020666302600286457,201.2667,0.003789307522172436,4.9067,0.4500000000000002,5.07,0.5,1855.0,-0.13368859724836035,1923.3333,-0.11465859288614322,136265.3333,0.003916699982713823,0
AZ,2006Q3,2006-07-01,420.2,0.008748293000030216,203.1667,0.0004123409818168611,5.2467,0.33999999999999986,4.8967,-0.17330000000000023,1702.3333,-0.08588485664296908,1713.3333,-0.11561900317716489,136682.3333,0.003055533169638025,0
AZ,2006Q4,2006-10-01,423.83,0.008601643025536454,202.3333,-0.013506416775125096,5.2467,0.0,4.63,-0.26670000000000016,1570.0,-0.0809242200562128,1581.0,-0.08038321311637553,137050.6667,0.002691189022183238,0
AZ,2007Q1,2007-01-01,422.22,-0.003805926229923706,204.317,0.01386685835465773,5.2567,0.010000000000000675,4.68,0.04999999999999982,1461.3333,-0.07172638119283103,1606.6667,0.016104101913951396,137605.3333,0.004038996810887596,0
AZ,2007Q2,2007-04-01,418.54,-0.008754040393989193,206.631,0.0015055128268333107,5.25,-0.006700000000000372,4.8467,0.16670000000000051,1451.0,-0.0070962642653347174,1456.6667,-0.09801091681860274,137969.6667,0.002644170278681912,0
AZ,2007Q3,2007-07-01,409.17,-0.022641747205629947,207.939,-0.004951710879503857,5.0733,-0.1767000000000003,4.73,-0.1166999999999998,1289.0,-0.1183862499450008,1314.3333,-0.10282120245670345,138052.0,0.0005965713012763274,0
AZ,2007Q4,2007-10-01,402.27,-0.017007212647233594,210.4897,0.005881779723557301,4.4967,-0.5766,4.26,-0.47000000000000064,1166.0,-0.10028763602874946,1188.3333,-0.10077780371832201,138286.6667,0.0016983997151864827,0
AZ,2008Q1,2008-01-01,389.02,-0.0334927487811143,212.7697,-0.0014183140476200506,3.1767,-1.3199999999999998,3.6633,-0.5966999999999998,1064.0,-0.09154369700884768,1025.0,-0.14785912455728667,138326.3333,0.00028680214069432,0
AZ,2008Q2,2008-04-01,366.47,-0.05971409359098789,215.5377,0.0021518368246313813,2.0867,-1.0899999999999999,3.8867,0.22339999999999982,1010.6667,-0.05142517882590791,1061.0,0.03451924704147391,137863.6667,-0.0033503532552288107,0
AZ,2008Q3,2008-07-01,339.95,-0.07511811461508966,218.861,0.0023755127450408864,1.94,-0.14670000000000005,3.8633,-0.023399999999999643,862.3333,-0.15872363621257612,858.6667,-0.21158630123797373,137156.0,-0.005146310228218098,0
AZ,2008Q4,2008-10-01,327.83,-0.036303366631330825,213.8487,-0.038469058355938834,0.5067,-1.4333,3.2533,-0.6100000000000003,663.0,-0.2628668646772434,638.6667,-0.29599811532124765,135559.6667,-0.01170707610223154,0
AZ,2009Q1,2009-01-01,326.82,-0.0030856207174991823,212.3777,0.01626560712872216,0.1833,-0.3234,2.7367,-0.5166,525.6667,-0.2321076284793948,538.6667,-0.17028570976064472,133297.0,-0.016832166740949006,0
AZ,2009Q2,2009-04-01,303.44,-0.07422566324299495,213.507,0.012205788099366899,0.18,-0.0032999999999999974,3.3133,0.5766,534.3333,0.016352439851941902,559.3333,0.03764852647016781,131432.0,-0.01409011370096458,0
AZ,2009Q3,2009-07-01,287.77,-0.0530223474155429,215.344,0.0032638047305484363,0.1567,-0.023299999999999987,3.5167,0.20340000000000025,588.3333,0.0962738224836528,606.6667,0.0812340075835003,130460.0,-0.007422941236086444,0
AZ,2009Q4,2009-10-01,279.12,-0.030519753086581503,217.03,-0.000768287133378287,0.12,-0.03670000000000001,3.46,-0.056700000000000195,567.6667,-0.035759173327579497,623.3333,0.027101821356800393,129975.3333,-0.0037219777621615435,0
AZ,2010Q1,2010-01-01,271.44,-0.027900676402544455,217.374,-0.006215063855589342,0.1333,0.013300000000000006,3.7167,0.25669999999999993,618.0,0.08495400674320752,657.6667,0.05361690033415645,129791.3333,-0.0014166562105994984,0
AZ,2010Q2,2010-04-01,261.93,-0.035663827985148444,217.2973,-0.0019366898381862896,0.1933,0.06,3.49,-0.22669999999999968,602.0,-0.02623101214886958,599.6667,-0.09232426716988318,130424.0,0.0048626492421650624,0
AZ,2010Q3,2010-07-01,261.58,-0.0013371284298200337,217.9343,0.003280089605024905,0.1867,-0.006599999999999995,2.7867,-0.7033,579.6667,-0.03780416211833604,574.0,-0.04374460454929174,130390.3333,-0.00025816602761885576,0
AZ,2010Q4,2010-10-01,255.16,-0.02484936468725163,219.699,0.005137607246683551,0.1867,0.0,2.8633,0.0766,542.3333,-0.06657252610237308,583.3333,0.016129324787024224,130733.0,0.0026245597616192384,0
AZ,2011Q1,2011-01-01,240.77,-0.0580486784180172,222.0437,0.0025509951290105803,0.1567,-0.03,3.46,0.5966999999999998,582.3333,0.07116220713684918,567.0,-0.02839941737883933,131059.0,0.0024905281178000394,0
AZ,2011Q2,2011-04-01,228.81,-0.05095015611148046,224.5683,0.0006899015632813033,0.0933,-0.06340000000000001,3.21,-0.25,574.3333,-0.013833074403447831,611.6667,0.07582822258872035,131743.6667,0.005210512188654093,0
AZ,2011Q3,2011-07-01,230.72,0.00831288925232787,226.0327,-0.004805896659700437,0.0833,-0.009999999999999995,2.4267,-0.7833000000000001,619.3333,0.07543368706284603,626.0,0.02316284478362629,132153.6667,0.003107271487751362,0
AZ,2011Q4,2011-10-01,235.83,0.021906352377190075,227.0473,-0.0020210997837715183,0.0733,-0.009999999999999995,2.0467,-0.3799999999999999,671.6667,0.08111865845610478,691.3333,0.09927168080525561,132710.3333,0.004203420771665023,0
AZ,2012Q1,2012-01-01,234.93,-0.003823609042818532,228.326,0.0011373797223193094,0.1033,0.03,2.0367,-0.009999999999999787,707.3333,0.051739748040000144,752.0,0.08411427204448607,133501.0,0.005940160511729076,0
AZ,2012Q2,2012-04-01,237.73,0.01184797847922514,228.808,-0.003507274831300755,0.1533,0.04999999999999999,1.8233,-0.21340000000000026,739.3333,0.04424685077607471,774.0,0.028835549639887326,133923.3333,0.0031585282154296124,0
AZ,2012Q3,2012-07-01,247.39,0.039830462859413274,229.841,0.002395749945685033,0.1433,-0.009999999999999981,1.6433,-0.17999999999999994,780.3333,0.05397230194947422,873.0,0.12036368224987459,134337.6667,0.0030890344065568343,0
AZ,2012Q4,2012-10-01,254.81,0.02955213062610884,231.3693,0.002122828158626966,0.16,0.016699999999999993,1.7067,0.06340000000000012,908.0,0.15152324249528082,915.0,0.046988509435919035,134856.0,0.0038510114070664514,0
AZ,2013Q1,2013-01-01,261.06,0.02423209656494052,232.2993,-0.002615878574562025,0.1433,-0.016699999999999993,1.95,0.24329999999999985,953.3333,0.04872020157945922,952.0,0.03964096951584395,135497.3333,0.004744417205282403,0
AZ,2013Q2,2013-04-01,272.79,0.04395200244528752,232.045,-0.005106799221393565,0.1167,-0.026600000000000013,1.9967,0.046699999999999964,868.0,-0.09377286552040243,985.6667,0.03475323021106114,136082.6667,0.004310584773152826,0
AZ,2013Q3,2013-07-01,280.8,0.028940403745724375,233.3,0.006489168705049231,0.0833,-0.0334,2.71,0.7133,882.3333,0.01637816112002266,988.3333,0.0027017240344768823,136619.3333,0.003935924876344643,0
AZ,2013Q4,2013-10-01,288.61,0.02743362362246593,234.1627,-0.0017028667855587543,0.0867,0.0034000000000000002,2.7467,0.03670000000000018,1009.0,0.13414514457323534,1026.0,0.03740303669381184,137243.3333,0.004557036470934861,0
AZ,2014Q1,2014-01-01,294.18,0.019115529117075702,235.621,0.00251741516916848,0.0733,-0.013399999999999995,2.7633,0.016599999999999948,934.0,-0.07723858212476564,1027.3333,0.0012986690347727148,137752.6667,0.003704301025585721,0
AZ,2014Q2,2014-04-01,299.38,0.017521844595892233,236.8723,-0.0009118136123378306,0.0933,0.01999999999999999,2.6233,-0.14000000000000012,987.0,0.05519360120463901,1039.3333,0.011613034112283316,138553.3333,0.005795522652929819,0
AZ,2014Q3,2014-07-01,302.36,0.009904690936886063,237.4783,-0.0027415218995301416,0.09,-0.0032999999999999974,2.4967,-0.12659999999999982,1030.6667,0.04329111394724716,1066.6667,0.025959102491937003,139301.3333,0.005384122686288961,0
AZ,2014Q4,2014-10-01,307.51,0.016889246619025577,236.8883,-0.005042602386027717,0.1,0.010000000000000009,2.28,-0.21670000000000034,1049.3333,0.01794913572225365,1075.0,0.007782109192055131,140083.6667,0.005600411223202428,0
AZ,2015Q1,2015-01-01,310.1,0.008387219063402007,235.355,-0.004006180580342189,0.11,0.009999999999999995,1.9667,-0.3132999999999999,977.0,-0.07142363706020038,1082.6667,0.00710650283987313,140772.6667,0.00490643293569093,0
AZ,2015Q2,2015-04-01,316.71,0.021091702563309944,236.96,0.013290047385601689,0.1233,0.013300000000000006,2.1667,0.20000000000000018,1158.0,0.1699630060901578,1272.3333,0.16142529447689835,141481.0,0.005019136121720891,0
AZ,2015Q3,2015-07-01,323.05,0.01982058133446163,237.855,-0.0030264441535337028,0.1367,0.013399999999999981,2.22,0.053300000000000125,1166.6667,0.007456329247883531,1149.6667,-0.10138038461589272,142130.3333,0.004579044335265792,0
AZ,2015Q4,2015-10-01,327.62,0.014047290172310767,237.837,-0.003845573011195924,0.16,0.023300000000000015,2.19,-0.03000000000000025,1125.3333,-0.03607144995393874,1205.0,0.04700749266211357,142821.3333,0.004849954820219438,0
AZ,2016Q1,2016-01-01,331.43,0.011562225764095047,237.6893,-0.0005455272390388899,0.36,0.19999999999999998,1.92,-0.27,1142.6667,0.015285482794204164,1153.6667,-0.043534262064137685,143426.0,0.004224791144169515,0
AZ,2016Q2,2016-04-01,338.4,0.020812001791487234,239.5903,0.008587229113127037,0.3733,0.013300000000000034,1.7533,-0.16669999999999985,1171.3333,0.0247779314002452,1191.0,0.03184798549468226,143967.0,0.0037648838978459054,0
AZ,2016Q3,2016-07-01,344.1,0.016703685071367325,240.6073,-0.003730260039663591,0.3967,0.023399999999999976,1.5633,-0.19000000000000017,1159.3333,-0.010297574127372755,1234.0,0.03546763511003359,144716.0,0.005189094478540213,0
AZ,2016Q4,2016-10-01,349.55,0.01571430015455899,242.1347,0.0020922763678568046,0.45,0.053300000000000014,2.13,0.5667,1235.0,0.06322587156811643,1244.0,0.008071068833791273,145218.6667,0.003467451542519484,0
AZ,2017Q1,2017-01-01,354.69,0.0145975555851372,243.8387,0.0006847192618311126,0.7,0.24999999999999994,2.4433,0.3132999999999999,1217.0,-0.014682156074551145,1269.6667,0.020422430764979183,145814.6667,0.00409575649775995,0
AZ,2017Q2,2017-04-01,363.82,0.025415071290939117,244.12,-0.005859791686013693,0.95,0.25,2.2633,-0.17999999999999972,1184.0,-0.027490277543575914,1270.6667,0.0007872982748269308,146379.3333,0.0038650164132896236,0
AZ,2017Q3,2017-07-01,371.44,0.020728103877595494,245.287,0.003616079295716723,1.1533,0.20330000000000004,2.2433,-0.020000000000000018,1182.0,-0.0016906174779069971,1282.6667,0.009399546766082345,146899.6667,0.0035483887081060317,0
AZ,2017Q4,2017-10-01,375.79,0.011643133014766605,247.2383,0.0031546494755501087,1.2033,0.050000000000000044,2.37,0.12670000000000003,1235.6667,0.04440274349256956,1322.0,0.030204471306618075,147348.0,0.003047321679519044,0
AZ,2018Q1,2018-01-01,383.6,0.020569866282850846,249.3217,0.0004676862781423097,1.4467,0.24340000000000006,2.76,0.3899999999999997,1298.0,0.04921395580542143,1341.0,0.014269862870047056,147998.0,0.004401624192917453,0
AZ,2018Q2,2018-04-01,391.72,0.020946955843310633,250.679,-0.0029621758713087587,1.7367,0.2899999999999998,2.92,0.16000000000000014,1275.0,-0.017878439671508595,1353.6667,0.009401380360985812,148707.3333,0.004781408163449186,0
AZ,2018Q3,2018-07-01,400.67,0.022590847007396775,251.6863,-0.0014189711510859127,1.9233,0.1866000000000001,2.9267,0.006699999999999928,1248.6667,-0.02086983656146124,1307.0,-0.035082550018442404,149218.3333,0.0034303892439613293,0
AZ,2018Q4,2018-10-01,405.37,0.011662084433020858,252.711,5.283795693422633e-05,2.22,0.2967000000000002,3.0333,0.10660000000000025,1165.6667,-0.06878314403985986,1309.6667,0.0020382427178970985,149651.0,0.002895358968281414,0
AZ,2019Q1,2019-01-01,410.54,0.012673135996021045,253.3857,-0.0013967820881735094,2.4033,0.18330000000000002,2.6533,-0.3799999999999999,1179.3333,0.011656080795859225,1278.3333,-0.024215557284491318,150140.6667,0.0032667161221926477,0
AZ,2019Q2,2019-04-01,418.74,0.01977683596808255,255.2473,0.0046537548942557905,2.3967,-0.006600000000000161,2.3333,-0.3200000000000003,1269.3333,0.0735425231955773,1322.6667,0.0340928058806389,150682.3333,0.003601235180829221,0
AZ,2019Q3,2019-07-01,424.99,0.014815436978715901,256.0893,-0.004026712692899004,2.19,-0.2067000000000001,1.7967,-0.5366,1308.6667,0.03051703065687228,1443.3333,0.08730530429547123,151157.0,0.0031451639260939857,0
AZ,2019Q4,2019-10-01,432.35,0.01716980617060848,257.888,0.003705837709737203,1.6433,-0.5467,1.7933,-0.0034000000000000696,1408.6667,0.07363482153141643,1500.3333,0.03873205317380002,151640.3333,0.003192456850491965,0
AZ,2020Q1,2020-01-01,440.99,0.01978675404634611,258.8177,-0.0034005996368007274,1.26,-0.3833,1.3767,-0.41659999999999986,1465.3333,0.03943907093651866,1432.0,-0.04661521488694653,151739.6667,0.0006548447725602813,1
AZ,2020Q2,2020-04-01,448.73,0.017399171111383893,256.292,-0.013405104135240542,0.06,-1.2,0.6867,-0.6900000000000001,1080.3333,-0.3048131204886859,1220.0,-0.16022120979328847,133712.3333,-0.1264756074603639,1
AZ,2020Q3,2020-07-01,459.67,0.024087470166346492,259.2217,0.021172794056683486,0.0933,0.033299999999999996,0.65,-0.036699999999999955,1465.0,0.3045856378324041,1571.6667,0.253285789881053,140615.3333,0.05033730369134837,1
AZ,2020Q4,2020-10-01,475.92,0.034740932149134096,261.0917,-0.004178254145169369,0.09,-0.0032999999999999974,0.8633,0.21329999999999993,1566.6667,0.06709499885546855,1689.3333,0.07219730543291458,142580.3333,0.013877553703624201,1
AZ,2021Q1,2021-01-01,497.14,0.043621903690604924,263.7423,0.002912796934854356,0.08,-0.009999999999999995,1.3167,0.4534,1576.6667,0.006362693652882001,1774.0,0.04890292982825439,143491.6667,0.006371378414680606,1
AZ,2021Q2,2021-04-01,536.76,0.07667939066250185,268.5503,0.007964939971683904,0.07,-0.009999999999999995,1.5933,0.27659999999999996,1578.0,0.0008452874463014126,1692.6667,-0.04693166958021866,145157.3333,0.011541249676387366,1
AZ,2021Q3,2021-07-01,581.25,0.07962988966880946,272.8297,-0.002256185860151305,0.09,0.01999999999999999,1.3233,-0.27,1589.3333,0.007156397698102168,1678.0,-0.008702606262154688,147282.3333,0.014533167999211116,1
AZ,2021Q4,2021-10-01,610.76,0.04952312641374412,278.7713,0.005734383850272806,0.08,-0.009999999999999995,1.5367,0.21340000000000003,1668.6667,0.04871030419571731,1797.0,0.06851599975640799,149206.0,0.012976522026251658,1
AZ,2022Q1,2022-01-01,639.89,0.046592203266206056,284.9057,0.00022257451258500538,0.12,0.039999999999999994,1.94,0.4033,1716.3333,0.028165288657145737,1881.6667,0.04603931884688528,150715.3333,0.010064946198092173,1
AZ,2022Q2,2022-04-01,687.78,0.07217273277345626,291.6053,0.0014764113159460024,0.77,0.65,2.93,0.9900000000000002,1634.0,-0.04915921653683597,1766.6667,-0.0630633758904171,151968.3333,0.008279317952810672,1
AZ,2022Q3,2022-07-01,696.62,0.01277104904620252,295.453,-0.010134331038405442,2.19,1.42,3.1067,0.17669999999999986,1466.6667,-0.1080387214544336,1620.0,-0.08666840151359789,153338.6667,0.00897681744701373,1
AZ,2022Q4,2022-10-01,670.79,-0.03778394613628766,298.5417,-0.0027087463644894783,3.6533,1.4633000000000003,3.83,0.7233,1389.0,-0.05440821121117079,1468.3333,-0.0982982012257354,154174.3333,0.0054350135252043685,1
AZ,2023Q1,2023-01-01,665.9,-0.007316613148311113,301.2303,-0.0014343829181848733,4.5167,0.8634,3.6467,-0.18330000000000002,1379.0,-0.0072254649610421495,1502.6667,0.023113381673648625,154992.0,0.005289506122615251,1
AZ,2023Q2,2023-04-01,676.59,0.015925967339549985,303.3977,-0.001796069248992893,4.99,0.47330000000000005,3.5933,-0.05339999999999989,1453.0,0.05227178577698055,1504.3333,0.0011084803263390341,155636.6667,0.004150728472065879,1
AZ,2023Q3,2023-07-01,690.19,0.019901445548773822,305.989,0.0013352698010988817,5.26,0.2699999999999996,4.15,0.5567000000000002,1382.6667,-0.04961635878097059,1540.0,0.02343260640699274,156240.3333,0.003871188666582981,1
AZ,2023Q4,2023-10-01,696.36,0.008899845985617105,308.195,-0.0013211215306911939,5.33,0.07000000000000028,4.44,0.29000000000000004,1467.6667,0.05965983501011962,1516.6667,-0.015267450152766315,156712.0,0.0030143060584215675,1
AZ,2024Q1,2024-01-01,700.68,0.006184524092929244,311.0033,0.001887277603742632,5.33,0.0,4.16,-0.28000000000000025,1415.0,-0.036544329722093316,1532.6667,0.01049419314869482,157245.3333,0.0033974923115458466,1
AZ,2024Q2,2024-04-01,713.24,0.017766677582399026,313.0807,-0.002413361803679237,5.33,0.0,4.4433,0.28329999999999966,1342.6667,-0.052471820080779,1442.3333,-0.06074700995752824,157611.0,0.002322753749755435,1
AZ,2024Q3,2024-07-01,718.34,0.007125024903285926,314.121,-0.0033401845150260456,5.2633,-0.06669999999999998,3.9467,-0.49659999999999993,1337.6667,-0.0037308834787390666,1448.6667,0.004381466711854465,157805.6667,0.0012343464709907437,1
AZ,2024Q4,2024-10-01,719.28,0.001307717107385642,316.5877,0.00450475719563137,4.65,-0.6132999999999997,4.2833,0.3365999999999998,1387.0,0.03621631379701107,1472.0,0.01597840413089191,158113.3333,0.0019477568444283833,1
AZ,2025Q1,2025-01-01,719.69,0.0005698520623713677,319.475,0.0012566926772263898,4.33,-0.3200000000000003,4.4533,0.16999999999999993,1401.0,0.010043126022175386,1465.0,-0.0047667778376538905,158318.3333,0.0012956985682421873,1
AZ,2025Q2,2025-04-01,727.7,0.011068311614152115,320.7857,-0.0049844516426169605,4.33,0.0,4.36,-0.09329999999999927,1354.0,-0.03412309286478621,1403.0,-0.04324244134870625,158487.0,0.0010647972000938921,1
AZ,2025Q3,2025-07-01,727.66,-5.496921725267612e-05,323.235,0.003512038479817292,4.2933,-0.03669999999999973,4.2567,-0.10329999999999995,1346.3333,-0.005678351335521192,1369.0,-0.024532254814012333,158520.6667,0.00021240306568515166,1
AZ,2025Q4,2025-10-01,731.53,0.005304325103396401,325.547,-0.0004790823209113171,3.8967,-0.3966000000000003,4.0967,-0.16000000000000014,1327.6667,-0.013961782516461518,1418.0,0.03516688180362415,158429.6667,-0.0005742224753273462,1
CA,1975Q1,1975-01-01,41.67,,52.5667,-0.009099038907365298,6.3033,-3.0434,7.54,-0.1299999999999999,976.3333,-0.047342240317117756,721.3333,-0.13468599966111405,76953.0,-0.015848859268690063,0
CA,1975Q2,1975-04-01,42.78,0.02628925821989725,53.2,-0.00917228589383301,5.42,-0.8833000000000002,8.05,0.5100000000000007,1071.0,0.09254404642947112,908.6667,0.23087705518461288,76535.0,-0.005446693336045527,0
CA,1975Q3,1975-07-01,44.35,0.03604200510132882,54.2667,0.007876825871649729,6.16,0.7400000000000002,8.2967,0.2466999999999988,1250.0,0.15455075984859779,1026.0,0.12144466545856147,77050.3333,0.006710734975589716,0
CA,1975Q4,1975-10-01,45.75,0.03107908296594175,55.2667,-0.001592604784701912,5.4133,-0.7467000000000006,8.0633,-0.2333999999999996,1341.6667,0.07076909573292767,1099.0,0.06873292867290637,77747.3333,0.009005364559596885,0
CA,1976Q1,1976-01-01,47.83,0.044461265970675345,55.9,-0.00686595502661369,4.8267,-0.5865999999999998,7.7533,-0.3099999999999996,1442.0,0.07211839181562052,1183.0,0.07365290957476578,78789.0,0.01330914113220949,0
CA,1976Q2,1976-04-01,50.3,0.05035201941348788,56.4,-0.0024890446488816664,5.1967,0.3700000000000001,7.7733,0.019999999999999574,1449.6667,0.005302629078425269,1171.3333,-0.00991091235705266,79326.6667,0.006800955068033687,0
CA,1976Q3,1976-07-01,53.58,0.06317078701076939,57.3,0.006926686873720556,5.2833,0.08659999999999979,7.73,-0.04329999999999945,1557.0,0.07142722491067843,1345.0,0.1382513404146053,79714.3333,0.0048750620001243306,0
CA,1976Q4,1976-10-01,55.58,0.03664756019789506,58.1333,-0.001393439525265272,4.8733,-0.40999999999999925,7.19,-0.54,1691.3333,0.08275625994880187,1489.0,0.10171074064806973,80199.6667,0.006069948724258367,0
CA,1977Q1,1977-01-01,58.05,0.04348128382954286,59.2,0.0037448667864357077,4.66,-0.21330000000000027,7.3533,0.16329999999999956,1844.3333,0.08660070437382128,1562.0,0.047862297715622226,81023.0,0.010213705979891685,0
CA,1977Q2,1977-04-01,63.03,0.0823060953811181,60.2333,-0.0008790788413230999,5.1567,0.4966999999999997,7.37,0.01670000000000016,1918.6667,0.039512660555702794,1693.3333,0.08073190181974699,82101.3333,0.01322119129442001,0
CA,1977Q3,1977-07-01,67.98,0.07560274074295137,61.0667,-0.0035624597397170277,5.82,0.6633000000000004,7.3567,-0.01330000000000009,2009.0,0.0460065681026105,1713.6667,0.011936390619484705,83147.0,0.012655869335640446,0
CA,1977Q4,1977-10-01,70.68,0.0389491031835254,61.9667,0.0008890806626480341,6.5133,0.6932999999999998,7.5967,0.2400000000000002,2075.3333,0.03248468145683159,1761.0,0.027246485657342667,84127.6667,0.011725361106103449,0
CA,1978Q1,1978-01-01,73.24,0.035579072354813945,63.0333,0.00243557963321539,6.7567,0.24340000000000028,8.01,0.41329999999999956,1829.3333,-0.12617018375572986,1758.3333,-0.0015154577773941469,85000.6667,0.010323613269429543,0
CA,1978Q2,1978-04-01,76.0,0.03699162048002158,64.4667,0.005419639045925351,7.2833,0.5265999999999993,8.32,0.3100000000000005,2114.0,0.14463030391414655,1899.0,0.07696106009347403,86540.3333,0.017951486198549915,0
CA,1978Q3,1978-07-01,78.63,0.03401996571709365,65.9667,0.0005156045933603082,8.1,0.8167,8.49,0.16999999999999993,2019.3333,-0.045814480018208315,1742.6667,-0.08591090560850922,87436.0,0.010296510980237983,0
CA,1978Q4,1978-10-01,81.8,0.03952393760527695,67.5,-2.372919946846963e-05,9.5833,1.4832999999999998,8.82,0.33000000000000007,2039.6667,0.010019004724995284,1798.0,0.031258409827788824,88339.3333,0.010278361994558338,0
CA,1979Q1,1979-01-01,84.89,0.037079057141174765,69.2,0.0018957361126483718,10.0733,0.4900000000000002,9.1067,0.28669999999999973,1665.6667,-0.20256094844886796,1557.6667,-0.1434859395997199,89114.0,0.008730989795115107,0
CA,1979Q2,1979-04-01,88.69,0.04379084263848476,71.4,0.006423741976774977,10.18,0.10670000000000002,9.1133,0.006600000000000605,1845.6667,0.10261510352707681,1640.3333,0.051710456444950204,89771.3333,0.007349247101450018,0
CA,1979Q3,1979-07-01,93.13,0.04884922314520512,73.7,0.00040792312783732854,10.9467,0.7667000000000002,9.1033,-0.009999999999999787,1790.0,-0.03062494738037813,1587.6667,-0.032633998748874404,90281.3333,0.005665024279407405,0
CA,1979Q4,1979-10-01,96.36,0.034094811213104315,76.0333,-0.0005363268271159072,13.5767,2.630000000000001,10.4467,1.343399999999999,1567.6667,-0.1326272842948395,1337.0,-0.17183715602597793,90575.3333,0.0032511962594341526,0
CA,1980Q1,1980-01-01,100.0,0.037079008241421185,79.0333,0.00752927739962761,15.0467,1.4699999999999989,11.9867,1.540000000000001,1246.0,-0.22964991519256284,1155.6667,-0.14575089124164986,90892.3333,0.003493738894499998,0
CA,1980Q2,1980-04-01,102.81,0.02771243856653527,81.7,-0.005513161196498473,12.6867,-2.3599999999999994,10.4767,-1.5100000000000016,1058.0,-0.16355808692915375,929.0,-0.2183239470464553,90456.6667,-0.004804740452195588,0
CA,1980Q3,1980-07-01,106.53,0.035544011068479264,83.2333,-0.014591212954761623,9.8367,-2.8499999999999996,10.9533,0.47660000000000124,1392.0,0.27436122847612054,1370.0,0.3884572800083328,90050.6667,-0.0044984397808374155,0
CA,1980Q4,1980-10-01,108.37,0.017124662311797323,85.5667,0.00905517436074188,15.8533,6.0166,12.4233,1.4699999999999989,1505.0,0.0780513362886106,1332.6667,-0.027628767417429145,90726.6667,0.00747884857227632,0
CA,1981Q1,1981-01-01,110.5,0.019464223022904292,87.9333,-0.0003662968604762895,16.57,0.7166999999999994,12.96,0.5367000000000015,1366.3333,-0.09666216974294262,1201.0,-0.10402742932475828,91116.0,0.0042820961876319785,0
CA,1981Q2,1981-04-01,112.84,0.02095536517598795,89.7667,-0.00664687382878526,17.78,1.2100000000000009,13.75,0.7899999999999991,1181.6667,-0.14520482893317066,1113.0,-0.07609547080443857,91356.3333,0.0026341904509621372,0
CA,1981Q3,1981-07-01,116.28,0.030030189556879527,92.2667,0.006833703922071166,17.5767,-0.20330000000000226,14.8467,1.0967000000000002,964.0,-0.20358988389631705,890.3333,-0.22321846427285585,91547.6667,0.002092173706337519,0
CA,1981Q4,1981-10-01,117.55,0.010862699295403289,93.7667,-0.01134272789157631,13.5867,-3.9899999999999984,14.0867,-0.7599999999999998,873.3333,-0.09877402469145213,758.3333,-0.1604728882417925,91148.6667,-0.004367910695734167,0
CA,1982Q1,1982-01-01,104.04,-0.12208833440562827,94.6,-0.007278792235141829,14.2267,0.6399999999999988,14.2933,0.2065999999999999,880.0,0.007604637553158433,831.0,0.09150679609455192,90520.6667,-0.006913687519293887,0
CA,1982Q2,1982-04-01,107.3,0.030853209056202147,95.9667,0.005496086497117858,14.5133,0.28659999999999997,13.93,-0.3633000000000006,948.0,0.07443259478276953,918.0,0.09956759576504215,90040.6667,-0.005316765463355466,0
CA,1982Q3,1982-07-01,104.72,-0.02433852803500791,97.6333,0.0028735872243261795,11.0067,-3.506599999999999,13.1167,-0.8132999999999999,1118.6667,0.16553830646134315,1004.0,0.08954990963118359,89355.6667,-0.007636759527017034,0
CA,1982Q4,1982-10-01,115.83,0.10083347734260961,97.9333,-0.014149356507337174,9.2867,-1.7200000000000006,10.6667,-2.4499999999999993,1282.6667,0.13680374038864862,1243.0,0.2135357912590372,88821.3333,-0.005997799960981709,0
CA,1983Q1,1983-01-01,116.75,0.007911297604752399,98.0,-0.002387166985384326,8.6533,-0.6334,10.5633,-0.1034000000000006,1630.3333,0.23984320232051726,1457.3333,0.15908044624478102,88999.0,0.0019982727039451476,0
CA,1983Q2,1983-04-01,117.44,0.005892668317199146,99.1333,0.010817086473278614,8.8033,0.15000000000000036,10.5433,-0.019999999999999574,1660.3333,0.01823389290335342,1668.0,0.1350170451631998,89676.3333,0.007581757728788219,0
CA,1983Q3,1983-07-01,117.2,-0.002045687723293277,100.1,-0.0017936532290745433,9.46,0.6567000000000007,11.6267,1.0833999999999993,1801.6667,0.08169381557770272,1697.6667,0.017629474932594924,90604.3333,0.01029514938074172,0
CA,1983Q4,1983-10-01,117.68,0.004087199150269782,101.1,0.00023616249448732418,9.43,-0.030000000000001137,11.6867,0.0600000000000005,1729.3333,-0.04097622241361254,1670.3333,-0.01623159151576914,91875.0,0.013926916709511517,0
CA,1984Q1,1984-01-01,119.45,0.014928797478636291,102.5333,0.004137058134120686,9.6867,0.2567000000000004,11.9433,0.2566000000000006,1940.0,0.11495201456440007,1842.6667,0.09819062853360272,93086.3333,0.013098420056078197,0
CA,1984Q2,1984-04-01,120.07,0.005177032270808013,103.5,-0.004693508999745966,10.5567,0.8699999999999992,13.2,1.2566999999999986,1822.6667,-0.06238732459342167,1777.0,-0.0362872667144698,94123.0,0.011075059965255818,0
CA,1984Q3,1984-07-01,121.65,0.013073163186905212,104.4,-0.0007259260965106762,11.39,0.8333000000000013,12.8667,-0.3332999999999995,1672.0,-0.08628013381930533,1552.6667,-0.13495264491003311,95055.0,0.009853233889254298,0
CA,1984Q4,1984-10-01,122.74,0.008920227731419317,105.3,-7.431905172428088e-05,9.2667,-2.1233000000000004,11.7433,-1.1234000000000002,1630.3333,-0.025236042219116683,1586.3333,0.021451348195564712,95906.0,0.008912873660738896,0
CA,1985Q1,1985-01-01,124.48,0.014076763469129894,106.2667,0.0005548090928666483,8.4767,-0.7900000000000009,11.5833,-0.16000000000000014,1714.3333,0.050239786237371575,1683.0,0.059152662750623364,96572.3333,0.006923750330562584,0
CA,1985Q2,1985-04-01,126.25,0.014119007725388322,107.2333,-8.368998023833285e-05,7.9233,-0.553399999999999,10.8133,-0.7699999999999996,1725.6667,0.0065892098870961036,1696.3333,0.00789112407969128,97269.6667,0.007194894895917514,0
CA,1985Q3,1985-07-01,129.13,0.022555580703090605,107.9,-0.002856825268136909,7.9,-0.023299999999999876,10.3367,-0.47659999999999947,1701.0,-0.01439715515413642,1807.0,0.06319897232173144,97844.3333,0.005890589723932749,0
CA,1985Q4,1985-10-01,130.51,0.010630203320876497,109.0,0.003944972429172466,8.1033,0.20330000000000048,9.76,-0.5767000000000007,1824.6667,0.0701810268048293,1743.0,-0.03606024507220784,98428.3333,0.005950922597339314,0
CA,1986Q1,1986-01-01,132.22,0.01301734972599533,109.5667,-0.004957395963400835,7.8267,-0.27660000000000107,8.5567,-1.2033000000000005,1898.6667,0.03975456277919065,1798.0,0.031067169511544535,98837.6667,0.004150071350347062,0
CA,1986Q2,1986-04-01,134.75,0.01895400788367496,109.0333,-0.010065770073175884,6.92,-0.9066999999999998,7.6033,-0.9533999999999994,1878.0,-0.010944522211673302,1815.0,0.009410531667385591,99174.6667,0.0034038316663291823,0
CA,1986Q3,1986-07-01,137.7,0.02165619594550261,109.7,0.01097618319343141,6.2067,-0.7133000000000003,7.3067,-0.29659999999999975,1758.6667,-0.06565141564535981,1730.6667,-0.04757875772273401,99665.0,0.004931956505972224,0
CA,1986Q4,1986-10-01,141.06,0.024107926045423334,110.4667,0.0008687236713633695,6.2667,0.0600000000000005,7.2633,-0.043400000000000105,1712.3333,-0.026699021790305366,1740.6667,0.005761490764498056,100312.6667,0.006477412955078421,0
CA,1987Q1,1987-01-01,144.68,0.025339075303864256,111.8,0.005032691853267934,6.22,-0.04670000000000041,7.1933,-0.07000000000000028,1761.3333,0.028214135716505773,1694.3333,-0.026978870635343988,100920.3333,0.006039451253530004,0
CA,1987Q2,1987-04-01,148.22,0.024173249439315647,113.0667,-0.0007310933066237979,6.65,0.4300000000000006,8.3433,1.1499999999999995,1612.0,-0.08859543498247557,1541.0,-0.09485777378525562,101709.0,0.007784368330895575,0
CA,1987Q3,1987-07-01,152.87,0.03089023048972983,114.2667,-0.0007090696300746657,6.8433,0.1932999999999998,8.8767,0.5334000000000003,1625.0,0.008032171697264445,1513.6667,-0.017896570868693118,102438.0,0.007141942802919132,0
CA,1987Q4,1987-10-01,157.18,0.027803758425086755,115.3333,-0.0012662721083689377,6.9167,0.07339999999999947,9.1233,0.24660000000000082,1523.6667,-0.06438808322315204,1416.3333,-0.06646363653967047,103390.3333,0.009253731792281172,0
CA,1988Q1,1988-01-01,162.95,0.03605175984554165,116.2333,-0.0015178267397164547,6.6633,-0.25340000000000007,8.4167,-0.7065999999999999,1425.3333,-0.06671405145020248,1402.3333,-0.009933856759248627,104152.0,0.007339901285662975,0
CA,1988Q2,1988-04-01,169.65,0.04029408594666872,117.5667,0.003633273005188009,7.1567,0.4934000000000003,8.91,0.4932999999999996,1490.6667,0.04481778843770101,1452.6667,0.035263478630257694,105006.6667,0.008172469927822945,0
CA,1988Q3,1988-07-01,177.68,0.046246688355932264,119.0,0.0007112071436514711,7.9833,0.8266,9.1,0.1899999999999995,1484.0,-0.004482324800858528,1445.0,-0.0052916492362280465,105745.6667,0.007012999731744074,0
CA,1988Q4,1988-10-01,187.38,0.05315446093687015,120.3,-0.0012525311414925966,8.47,0.4867000000000008,8.9567,-0.14329999999999998,1551.3333,0.04437360997990858,1508.3333,0.04289594481993664,106597.0,0.008018528491952281,0
CA,1989Q1,1989-01-01,196.13,0.045639064150377884,121.6667,0.0004315860372097191,9.4433,0.9733,9.2067,0.25,1489.3333,-0.040786184567632056,1354.3333,-0.107695962659208,107403.0,0.007532745898924276,0
CA,1989Q2,1989-04-01,205.81,0.04817570841094909,123.6333,0.0047378714196870675,9.7267,0.28339999999999854,8.7733,-0.4333999999999989,1355.6667,-0.09403520731233961,1359.6667,0.003930292457999585,107910.3333,0.0047125204103473095,0
CA,1989Q3,1989-07-01,217.73,0.056302349979858946,124.6,-0.008245907185595591,9.0833,-0.6433999999999997,8.1067,-0.6666000000000007,1346.0,-0.0071561316225894345,1310.3333,-0.036958063850330625,108186.0,0.0025513329663997553,0
CA,1989Q4,1989-10-01,224.57,0.030931699526221657,125.8667,0.0023261239399516853,8.6133,-0.46999999999999886,7.9067,-0.20000000000000018,1337.3333,-0.006459674716181141,1377.0,0.04962568741372397,108688.0,0.0046294244266587015,0
CA,1990Q1,1990-01-01,227.32,0.012171253838471507,128.0333,0.006952171820781672,8.25,-0.3633000000000006,8.4233,0.5165999999999995,1425.6667,0.06396200745118108,1441.0,0.04543009727086744,109424.0,0.006748851906793973,0
CA,1990Q2,1990-04-01,228.09,0.0033815714795339957,129.3,-0.00722207645817452,8.2433,-0.006700000000000372,8.6767,0.25340000000000096,1212.3333,-0.1620927141159827,1103.6667,-0.2666993169180296,109784.0,0.003284554611592938,0
CA,1990Q3,1990-07-01,229.98,0.008252060712063525,131.5333,0.00727986627841215,8.16,-0.08329999999999949,8.7033,0.02660000000000018,1132.0,-0.068560870060562,1041.0,-0.05845621046652294,109648.0,-0.0012395641238640565,0
CA,1990Q4,1990-10-01,228.49,-0.006499902920065637,133.7667,-0.0002875794257013453,7.7433,-0.4167000000000005,8.3967,-0.3066000000000013,1042.6667,-0.0822044137967275,909.0,-0.1355919744374905,109255.6667,-0.003584533105373211,0
CA,1991Q1,1991-01-01,228.42,-0.0003064060779918165,134.7667,-0.009389288770869086,6.4267,-1.3165999999999993,8.0167,-0.379999999999999,894.6667,-0.1530855982851147,850.0,-0.06710874469311623,108787.0,-0.0042988597493067715,0
CA,1991Q2,1991-04-01,227.0,-0.006236022141058228,135.5667,-0.0015292627179492868,5.8633,-0.5634000000000006,8.13,0.11330000000000062,1011.0,0.12224397233918527,957.0,0.1185670419685918,108311.0,-0.004385123425938886,0
CA,1991Q3,1991-07-01,227.0,0.0,136.6,0.001674542203309315,5.6433,-0.21999999999999975,7.94,-0.1900000000000004,1042.3333,0.030521817789726846,963.6667,0.0069420964853890155,108308.3333,-2.4621071069930167e-05,0
CA,1991Q4,1991-10-01,228.66,0.00728616663242132,137.7333,0.0006690824169366394,4.8167,-0.8266,7.3467,-0.5933000000000002,1087.0,0.04195985031101124,1012.0,0.04893836190906775,108330.3333,0.00020310317101568387,0
CA,1992Q1,1992-01-01,227.47,-0.005217822550053874,138.6667,-0.001508254013153909,4.0233,-0.7934000000000001,7.3033,-0.043400000000000105,1241.0,0.13249589808339746,1101.6667,0.08489564402745131,108348.0,0.00016306845054714358,0
CA,1992Q2,1992-04-01,225.1,-0.010473613651083902,139.7333,0.0009083883973879381,3.77,-0.25329999999999986,7.3767,0.07339999999999947,1152.6667,-0.07383937871103186,1055.6667,-0.04265170442870936,108622.6667,0.002531833919299231,0
CA,1992Q3,1992-07-01,224.67,-0.0019120889833015298,140.8,-5.755587647016114e-05,3.2567,-0.5133000000000001,6.6167,-0.7599999999999998,1183.6667,0.026538865942484335,1092.6667,0.034448711695918455,108886.6667,0.002427483230370342,0
CA,1992Q4,1992-10-01,222.58,-0.009346071384105592,142.0333,0.0011162554922270473,3.0367,-0.21999999999999975,6.7433,0.12659999999999982,1228.3333,0.03704121638222535,1142.0,0.04415988907388435,109308.0,0.0038619992876611775,0
CA,1993Q1,1993-01-01,219.13,-0.015621426537967054,143.0667,-0.0014716754981103364,3.04,0.0032999999999998586,6.28,-0.4632999999999994,1167.6667,-0.0506507257419484,1127.0,-0.013221876176179315,109947.0,0.0058288459482476185,0
CA,1993Q2,1993-04-01,217.26,-0.008570368001707074,144.1,-5.2870003525384845e-05,3.0,-0.040000000000000036,5.99,-0.29000000000000004,1266.0,0.08085483962778461,1115.3333,-0.010405951047548712,110537.6667,0.005357906487287067,0
CA,1993Q3,1993-07-01,215.41,-0.008551604105597299,144.7667,-0.002580569802709931,3.06,0.06000000000000005,5.6167,-0.3733000000000004,1299.0,0.025732413966478518,1218.3333,0.08833049316375963,111234.0,0.006279752492302393,0
CA,1993Q4,1993-10-01,214.13,-0.005959881681882884,145.9667,0.0036390542508861756,2.99,-0.06999999999999984,5.6067,-0.009999999999999787,1433.6667,0.09864055069543376,1368.3333,0.116109652701895,112015.3333,0.0069996759103094774,0
CA,1994Q1,1994-01-01,212.01,-0.00994986384725216,146.7,-0.0032438607265552477,3.2133,0.2232999999999996,6.0667,0.45999999999999996,1391.0,-0.030212375442590478,1333.6667,-0.025661363675006044,112876.0,0.007654104666782402,0
CA,1994Q2,1994-04-01,206.89,-0.024446192315220827,147.5333,0.0006530562151585428,3.94,0.7267000000000001,7.0833,1.0166000000000004,1466.6667,0.05296936204207192,1381.6667,0.035358457843861046,113916.6667,0.009177316172959138,0
CA,1994Q3,1994-07-01,203.84,-0.014851878671853669,148.9,0.0035567988165539077,4.4867,0.5467,7.3333,0.25,1454.3333,-0.008444692430024325,1374.6667,-0.005079222309694487,114918.6667,0.008757444831235972,0
CA,1994Q4,1994-10-01,200.95,-0.01427925148858833,149.7667,-0.003417216392334943,5.1667,0.6799999999999997,7.8367,0.5034000000000001,1472.0,0.012074437753330614,1377.6667,0.0021799693220794225,115832.6667,0.007921989152466224,0
CA,1995Q1,1995-01-01,199.61,-0.006690658072418643,150.8667,0.0015141052140750233,5.81,0.6433,7.4833,-0.3534000000000006,1324.0,-0.1059645627918675,1254.0,-0.0940528288462561,116702.3333,0.007479911882082746,0
CA,1995Q2,1995-04-01,201.5,0.009423918563946643,152.1,0.0008236182877654485,6.02,0.20999999999999996,6.62,-0.8632999999999997,1287.3333,-0.0280845880699232,1278.3333,0.01921867786476117,117134.3333,0.0036948909489780135,0
CA,1995Q3,1995-07-01,203.84,0.01154599099706033,152.8667,-0.0031134332429223477,5.7967,-0.22329999999999917,6.3233,-0.2967000000000004,1415.3333,0.09479218161648273,1387.0,0.08158602125720371,117633.6667,0.004253851913068374,0
CA,1995Q4,1995-10-01,203.51,-0.001620228659341194,153.7,0.0004082501885553924,5.72,-0.07670000000000066,5.8933,-0.4299999999999997,1417.3333,0.0014120972318707459,1424.0,0.026326671657090017,118172.0,0.004565914320709297,0
CA,1996Q1,1996-01-01,203.48,-0.0001474237698930736,155.0667,0.003416345659204012,5.3633,-0.3567,5.91,0.01670000000000016,1460.6667,0.03011582703254767,1414.6667,-0.006575857343480429,118682.3333,0.004309265383668048,0
CA,1996Q2,1996-04-01,200.9,-0.012760448133675162,156.4,-0.00029121521960639996,5.2433,-0.1200000000000001,6.72,0.8099999999999996,1495.6667,0.023679085286547163,1449.6667,0.02443971229487918,119475.0,0.006656688803452937,0
CA,1996Q3,1996-07-01,200.52,-0.0018932794255865915,157.3,-0.0028234992205051768,5.3067,0.06340000000000057,6.78,0.0600000000000005,1501.3333,0.003781519354451035,1418.3333,-0.021851218085718216,120205.6667,0.0060970204524330995,0
CA,1996Q4,1996-10-01,201.56,0.0051731114170952,158.6667,0.0029129836300674228,5.28,-0.026699999999999946,6.3433,-0.4367000000000001,1417.0,-0.05781161925824918,1393.6667,-0.017544262231424135,120918.3333,0.005911221406389444,0
CA,1997Q1,1997-01-01,202.5,0.00465278273419667,159.6333,-0.0025774313618391886,5.2767,-0.0033000000000003027,6.5633,0.21999999999999975,1432.6667,0.010995572110300778,1421.0,0.019422661490922977,121673.3333,0.006224471336761184,0
CA,1997Q2,1997-04-01,204.55,0.010072557828813444,160.0,-0.00377902885599557,5.5233,0.24659999999999993,6.6967,0.13339999999999996,1476.0,0.029798193359436453,1412.3333,-0.0061176897402566155,122555.0,0.007220051155632845,0
CA,1997Q3,1997-07-01,208.57,0.01946227193313632,160.8,0.002693036145784866,5.5333,0.009999999999999787,6.2433,-0.45340000000000025,1457.6667,-0.012498719548010406,1461.0,0.033877973393855676,123258.6667,0.005725219687899852,0
CA,1997Q4,1997-10-01,212.23,0.01739587593900538,161.6667,0.00038791019901385226,5.5067,-0.02659999999999929,5.9067,-0.3365999999999998,1532.0,0.049737064688128996,1474.6667,0.009310865387339717,124232.6667,0.007871023321367687,0
CA,1998Q1,1998-01-01,216.86,0.021581391796486216,162.0,-0.0033159249325889206,5.52,0.013299999999999201,5.5867,-0.3199999999999994,1558.6667,0.01725670500911214,1602.3333,0.08302888128481545,124996.0,0.006125584965582576,0
CA,1998Q2,1998-04-01,221.58,0.02153171404849097,162.5333,0.0012270418430011532,5.5,-0.019999999999999574,5.5967,0.009999999999999787,1572.3333,0.008729918106587853,1550.6667,-0.03277591195627938,125788.6667,0.006321513592599359,0
CA,1998Q3,1998-07-01,227.43,0.02605880064379562,163.3667,0.0018278948140482143,5.5333,0.03329999999999966,5.2033,-0.39340000000000064,1631.3333,0.036836961485087194,1613.6667,0.03982407546189837,126500.6667,0.005644328126528819,0
CA,1998Q4,1998-10-01,231.81,0.019075571877279707,164.1333,-0.00043292816662976463,4.86,-0.6732999999999993,4.67,-0.5332999999999997,1722.3333,0.05428228536416135,1711.0,0.058568951963719584,127255.3333,0.005947988027214635,0
CA,1999Q1,1999-01-01,235.31,0.014985723154187447,164.7333,-0.0010326352839786779,4.7333,-0.12670000000000048,4.9833,0.3132999999999999,1709.3333,-0.007576529833868584,1705.6667,-0.003121934212511057,128016.6667,0.005964897500332356,0
CA,1999Q2,1999-04-01,239.31,0.016855988823358814,165.9667,0.003810463300492728,4.7467,0.013399999999999856,5.54,0.5567000000000002,1574.3333,-0.08227153037659285,1647.3333,-0.034798262033959304,128830.6667,0.006338416789947843,0
CA,1999Q3,1999-07-01,244.78,0.022600065363044486,167.2,-5.582845734686259e-05,5.0933,0.34660000000000046,5.8833,0.34330000000000016,1650.6667,0.04734738583515963,1634.6667,-0.007718868306268334,129588.3333,0.005863878205810025,0
CA,1999Q4,1999-10-01,249.97,0.02098106270747735,168.4333,-5.4409750155137715e-05,5.3067,0.21340000000000003,6.14,0.2566999999999995,1654.6667,0.0024203319112494626,1668.0,0.020186373579237582,130475.6667,0.006823988274847537,0
CA,2000Q1,2000-01-01,260.84,0.04256628186333167,170.1,0.002497548597422572,5.6767,0.3700000000000001,6.48,0.34000000000000075,1659.0,0.002615412389011418,1690.0,0.013103224998427088,131245.0,0.005879058200426002,0
CA,2000Q2,2000-04-01,267.86,0.026557263433974576,171.4333,-0.0020389034024361763,6.2733,0.5965999999999996,6.1767,-0.3033000000000001,1586.6667,-0.04457961062468474,1570.6667,-0.07322835003139616,132017.3333,0.0058674213363811845,0
CA,2000Q3,2000-07-01,276.85,0.033011387310000195,173.0,0.0012895545521987017,6.52,0.2466999999999997,5.8933,-0.2834000000000003,1503.6667,-0.05372880865743923,1554.6667,-0.0102389970826815,132266.3333,0.001884339481748043,0
CA,2000Q4,2000-10-01,285.4,0.030415861773759545,174.2333,-0.0019937135854419807,6.4733,-0.04669999999999952,5.5667,-0.3266,1544.0,0.026469859676401697,1578.0,0.014897040602777523,132541.3333,0.0020769798880060364,0
CA,2001Q1,2001-01-01,296.44,0.037953132040422055,175.9,0.0024168347684545566,5.5933,-0.8799999999999999,5.05,-0.5167000000000002,1605.0,0.03874730497939449,1671.3333,0.05746346870015362,132747.3333,0.0015530255705549223,0
CA,2001Q2,2001-04-01,305.5,0.03010494152849219,177.1333,-0.002533541275180795,4.3267,-1.2666000000000004,5.27,0.21999999999999975,1630.0,0.015456258236691944,1652.3333,-0.011433280927001022,132388.6667,-0.002705530888174934,0
CA,2001Q3,2001-07-01,311.92,0.02079696606269188,177.6333,-0.004168148225196511,3.4967,-0.8299999999999996,4.98,-0.28999999999999915,1599.6667,-0.018784719772997782,1592.6667,-0.03677862903206819,131985.3333,-0.003051235847101097,0
CA,2001Q4,2001-10-01,316.3,0.013944385637261192,177.5,-0.00356946057338714,2.1333,-1.3634,4.77,-0.21000000000000085,1570.0,-0.01871967568545685,1632.3333,0.02460068246663827,131193.0,-0.006021283621315376,0
CA,2002Q1,2002-01-01,324.75,0.026364525239105596,178.0667,0.003938294354740357,1.7333,-0.40000000000000013,5.0767,0.3067000000000002,1723.0,0.09299133818557603,1714.3333,0.0490137950493601,130772.6667,-0.0032090744257935455,0
CA,2002Q2,2002-04-01,335.77,0.03337074620957736,179.4667,0.004643885906293832,1.75,0.016699999999999937,5.1,0.023299999999999876,1691.0,-0.01874688762934973,1714.3333,0.0,130640.6667,-0.0010098950156969266,0
CA,2002Q3,2002-07-01,348.4,0.036924843218061554,180.4333,-0.0024599711979007566,1.74,-0.010000000000000009,4.26,-0.8399999999999999,1697.3333,0.003738302471958832,1745.3333,0.017921281600230543,130555.6667,-0.0006508514257781428,0
CA,2002Q4,2002-10-01,358.59,0.028828429579651704,181.5,0.0005229683140761665,1.4433,-0.29669999999999996,4.0067,-0.2532999999999994,1729.6667,0.018870358600627135,1822.0,0.04298925855677105,130566.0,7.914548138465705e-05,0
CA,2003Q1,2003-01-01,366.88,0.02285514455159454,183.3667,0.004337845982972155,1.25,-0.19330000000000003,3.92,-0.08670000000000044,1736.0,0.0036548852491300465,1806.3333,-0.008635809375488357,130416.3333,-0.0011469490253581682,0
CA,2003Q2,2003-04-01,373.75,0.01855230559530252,183.0667,-0.011869724983207597,1.2467,-0.0033000000000000806,3.62,-0.2999999999999998,1753.6667,0.010125236850194952,1837.6667,0.017197679616102413,130185.3333,-0.0017728210530236765,0
CA,2003Q3,2003-07-01,386.41,0.03331185721577157,184.4333,0.009074718883136157,1.0167,-0.22999999999999998,4.2333,0.6132999999999997,1889.6667,0.07469161122549828,1937.3333,0.052815770755764824,130196.3333,8.449135570920419e-05,0
CA,2003Q4,2003-10-01,411.1,0.06193751198316466,185.1333,-0.003649087541439222,0.9967,-0.019999999999999907,4.2867,0.05339999999999989,2035.6667,0.07442291763368747,1972.3333,0.017904818291845537,130502.6667,0.002350093717186752,0
CA,2004Q1,2004-01-01,424.37,0.031769222307318934,186.7,0.0046387187415168896,1.0033,0.00660000000000005,4.02,-0.26670000000000016,1918.3333,-0.059366645817998,1994.6667,0.011259710589305527,130905.6667,0.0030833012400695026,0
CA,2004Q2,2004-04-01,450.95,0.06075075240056549,188.1667,-0.0006017228716839185,1.01,0.006699999999999928,4.6,0.5800000000000001,1937.3333,0.009855703704603869,2080.0,0.041890924997930234,131634.3333,0.005550913925581824,0
CA,2004Q3,2004-07-01,496.77,0.09677067371078518,189.3667,-0.0014681466710397828,1.4333,0.4233,4.3033,-0.2966999999999995,1977.0,0.02026810435433468,2069.6667,-0.004980313892927413,131960.6667,0.0024760224338145065,0
CA,2004Q4,2004-10-01,515.87,0.03772765343285922,191.4,0.004323057247757056,1.95,0.5166999999999999,4.1733,-0.1299999999999999,1965.3333,-0.0059186949302061365,2086.0,0.007860776758281673,132520.6667,0.004234709721576024,0
CA,2005Q1,2005-01-01,538.45,0.04283984601952806,192.3667,-0.00564216478841395,2.47,0.5200000000000002,4.2967,0.12340000000000018,2071.6667,0.052691603126395314,2105.0,0.009067110555763591,132989.6667,0.003532822860689677,0
CA,2005Q2,2005-04-01,570.01,0.05695926275946395,193.6667,0.001697226661699247,2.9433,0.4732999999999996,4.16,-0.13670000000000027,2051.3333,-0.009863480402523273,2137.6667,0.015399439957597849,133719.0,0.005469151992585353,0
CA,2005Q3,2005-07-01,598.46,0.04870578447915541,196.6,0.00829737344040371,3.46,0.5167000000000002,4.2133,0.053300000000000125,2100.0,0.0234473727472313,2228.3333,0.041538999834990875,134451.3333,0.0054617161523182745,0
CA,2005Q4,2005-10-01,625.21,0.04372790428753337,198.4333,-0.005750751616615091,3.98,0.52,4.49,0.27669999999999995,2068.6667,-0.01503305125786003,2169.3333,-0.026834021603955982,134932.3333,0.0035711186000924044,0
CA,2006Q1,2006-01-01,638.23,0.020611126646068456,199.4667,-0.004087534199871179,4.4567,0.4766999999999997,4.57,0.08000000000000007,2120.3333,0.02466899983624149,2157.0,-0.0057015179159582985,135732.6667,0.005913847246914017,0
CA,2006Q2,2006-04-01,644.07,0.009108695902471986,201.2667,0.003789307522172436,4.9067,0.4500000000000002,5.07,0.5,1855.0,-0.13368859724836035,1923.3333,-0.11465859288614322,136265.3333,0.003916699982713823,0
CA,2006Q3,2006-07-01,646.17,0.003255211207790154,203.1667,0.0004123409818168611,5.2467,0.33999999999999986,4.8967,-0.17330000000000023,1702.3333,-0.08588485664296908,1713.3333,-0.11561900317716489,136682.3333,0.003055533169638025,0
CA,2006Q4,2006-10-01,642.47,-0.005742503985135983,202.3333,-0.013506416775125096,5.2467,0.0,4.63,-0.26670000000000016,1570.0,-0.0809242200562128,1581.0,-0.08038321311637553,137050.6667,0.002691189022183238,0
CA,2007Q1,2007-01-01,633.65,-0.013823371544163798,204.317,0.01386685835465773,5.2567,0.010000000000000675,4.68,0.04999999999999982,1461.3333,-0.07172638119283103,1606.6667,0.016104101913951396,137605.3333,0.004038996810887596,0
CA,2007Q2,2007-04-01,623.02,-0.01691813052716995,206.631,0.0015055128268333107,5.25,-0.006700000000000372,4.8467,0.16670000000000051,1451.0,-0.0070962642653347174,1456.6667,-0.09801091681860274,137969.6667,0.002644170278681912,0
CA,2007Q3,2007-07-01,599.78,-0.03801569969008245,207.939,-0.004951710879503857,5.0733,-0.1767000000000003,4.73,-0.1166999999999998,1289.0,-0.1183862499450008,1314.3333,-0.10282120245670345,138052.0,0.0005965713012763274,0
CA,2007Q4,2007-10-01,575.2,-0.04184511490398357,210.4897,0.005881779723557301,4.4967,-0.5766,4.26,-0.47000000000000064,1166.0,-0.10028763602874946,1188.3333,-0.10077780371832201,138286.6667,0.0016983997151864827,0
CA,2008Q1,2008-01-01,542.98,-0.05764531956375496,212.7697,-0.0014183140476200506,3.1767,-1.3199999999999998,3.6633,-0.5966999999999998,1064.0,-0.09154369700884768,1025.0,-0.14785912455728667,138326.3333,0.00028680214069432,0
CA,2008Q2,2008-04-01,498.09,-0.08629170325527724,215.5377,0.0021518368246313813,2.0867,-1.0899999999999999,3.8867,0.22339999999999982,1010.6667,-0.05142517882590791,1061.0,0.03451924704147391,137863.6667,-0.0033503532552288107,0
CA,2008Q3,2008-07-01,460.27,-0.07896750977452882,218.861,0.0023755127450408864,1.94,-0.14670000000000005,3.8633,-0.023399999999999643,862.3333,-0.15872363621257612,858.6667,-0.21158630123797373,137156.0,-0.005146310228218098,0
CA,2008Q4,2008-10-01,444.38,-0.03513322156098386,213.8487,-0.038469058355938834,0.5067,-1.4333,3.2533,-0.6100000000000003,663.0,-0.2628668646772434,638.6667,-0.29599811532124765,135559.6667,-0.01170707610223154,0
CA,2009Q1,2009-01-01,440.38,-0.009042061695653025,212.3777,0.01626560712872216,0.1833,-0.3234,2.7367,-0.5166,525.6667,-0.2321076284793948,538.6667,-0.17028570976064472,133297.0,-0.016832166740949006,0
CA,2009Q2,2009-04-01,420.27,-0.046740628680507434,213.507,0.012205788099366899,0.18,-0.0032999999999999974,3.3133,0.5766,534.3333,0.016352439851941902,559.3333,0.03764852647016781,131432.0,-0.01409011370096458,0
CA,2009Q3,2009-07-01,410.99,-0.022328478576142174,215.344,0.0032638047305484363,0.1567,-0.023299999999999987,3.5167,0.20340000000000025,588.3333,0.0962738224836528,606.6667,0.0812340075835003,130460.0,-0.007422941236086444,0
CA,2009Q4,2009-10-01,412.27,0.0031095912140015614,217.03,-0.000768287133378287,0.12,-0.03670000000000001,3.46,-0.056700000000000195,567.6667,-0.035759173327579497,623.3333,0.027101821356800393,129975.3333,-0.0037219777621615435,0
CA,2010Q1,2010-01-01,409.23,-0.007401129340852464,217.374,-0.006215063855589342,0.1333,0.013300000000000006,3.7167,0.25669999999999993,618.0,0.08495400674320752,657.6667,0.05361690033415645,129791.3333,-0.0014166562105994984,0
CA,2010Q2,2010-04-01,407.98,-0.0030591915783206858,217.2973,-0.0019366898381862896,0.1933,0.06,3.49,-0.22669999999999968,602.0,-0.02623101214886958,599.6667,-0.09232426716988318,130424.0,0.0048626492421650624,0
CA,2010Q3,2010-07-01,410.23,0.005499824425294619,217.9343,0.003280089605024905,0.1867,-0.006599999999999995,2.7867,-0.7033,579.6667,-0.03780416211833604,574.0,-0.04374460454929174,130390.3333,-0.00025816602761885576,0
CA,2010Q4,2010-10-01,405.72,-0.011054711512318072,219.699,0.005137607246683551,0.1867,0.0,2.8633,0.0766,542.3333,-0.06657252610237308,583.3333,0.016129324787024224,130733.0,0.0026245597616192384,0
CA,2011Q1,2011-01-01,391.2,-0.03644432834713207,222.0437,0.0025509951290105803,0.1567,-0.03,3.46,0.5966999999999998,582.3333,0.07116220713684918,567.0,-0.02839941737883933,131059.0,0.0024905281178000394,0
CA,2011Q2,2011-04-01,384.89,-0.016261358982695207,224.5683,0.0006899015632813033,0.0933,-0.06340000000000001,3.21,-0.25,574.3333,-0.013833074403447831,611.6667,0.07582822258872035,131743.6667,0.005210512188654093,0
CA,2011Q3,2011-07-01,386.5,0.004174288849509544,226.0327,-0.004805896659700437,0.0833,-0.009999999999999995,2.4267,-0.7833000000000001,619.3333,0.07543368706284603,626.0,0.02316284478362629,132153.6667,0.003107271487751362,0
CA,2011Q4,2011-10-01,385.32,-0.003057710138054226,227.0473,-0.0020210997837715183,0.0733,-0.009999999999999995,2.0467,-0.3799999999999999,671.6667,0.08111865845610478,691.3333,0.09927168080525561,132710.3333,0.004203420771665023,0
CA,2012Q1,2012-01-01,381.01,-0.01124853638800083,228.326,0.0011373797223193094,0.1033,0.03,2.0367,-0.009999999999999787,707.3333,0.051739748040000144,752.0,0.08411427204448607,133501.0,0.005940160511729076,0
CA,2012Q2,2012-04-01,381.65,0.001678336743057507,228.808,-0.003507274831300755,0.1533,0.04999999999999999,1.8233,-0.21340000000000026,739.3333,0.04424685077607471,774.0,0.028835549639887326,133923.3333,0.0031585282154296124,0
CA,2012Q3,2012-07-01,390.58,0.023128855610156762,229.841,0.002395749945685033,0.1433,-0.009999999999999981,1.6433,-0.17999999999999994,780.3333,0.05397230194947422,873.0,0.12036368224987459,134337.6667,0.0030890344065568343,0
CA,2012Q4,2012-10-01,398.86,0.02097766427043979,231.3693,0.002122828158626966,0.16,0.016699999999999993,1.7067,0.06340000000000012,908.0,0.15152324249528082,915.0,0.046988509435919035,134856.0,0.0038510114070664514,0
CA,2013Q1,2013-01-01,407.27,0.02086587803459139,232.2993,-0.002615878574562025,0.1433,-0.016699999999999993,1.95,0.24329999999999985,953.3333,0.04872020157945922,952.0,0.03964096951584395,135497.3333,0.004744417205282403,0
CA,2013Q2,2013-04-01,425.97,0.044892565094708736,232.045,-0.005106799221393565,0.1167,-0.026600000000000013,1.9967,0.046699999999999964,868.0,-0.09377286552040243,985.6667,0.03475323021106114,136082.6667,0.004310584773152826,0
CA,2013Q3,2013-07-01,446.92,0.04801068642476114,233.3,0.006489168705049231,0.0833,-0.0334,2.71,0.7133,882.3333,0.01637816112002266,988.3333,0.0027017240344768823,136619.3333,0.003935924876344643,0
CA,2013Q4,2013-10-01,461.72,0.0325790390675742,234.1627,-0.0017028667855587543,0.0867,0.0034000000000000002,2.7467,0.03670000000000018,1009.0,0.13414514457323534,1026.0,0.03740303669381184,137243.3333,0.004557036470934861,0
CA,2014Q1,2014-01-01,471.35,0.020642271095447917,235.621,0.00251741516916848,0.0733,-0.013399999999999995,2.7633,0.016599999999999948,934.0,-0.07723858212476564,1027.3333,0.0012986690347727148,137752.6667,0.003704301025585721,0
CA,2014Q2,2014-04-01,484.12,0.026731892028243998,236.8723,-0.0009118136123378306,0.0933,0.01999999999999999,2.6233,-0.14000000000000012,987.0,0.05519360120463901,1039.3333,0.011613034112283316,138553.3333,0.005795522652929819,0
CA,2014Q3,2014-07-01,494.25,0.02070865218032303,237.4783,-0.0027415218995301416,0.09,-0.0032999999999999974,2.4967,-0.12659999999999982,1030.6667,0.04329111394724716,1066.6667,0.025959102491937003,139301.3333,0.005384122686288961,0
CA,2014Q4,2014-10-01,499.86,0.011286597164146706,236.8883,-0.005042602386027717,0.1,0.010000000000000009,2.28,-0.21670000000000034,1049.3333,0.01794913572225365,1075.0,0.007782109192055131,140083.6667,0.005600411223202428,0
CA,2015Q1,2015-01-01,505.09,0.010408572003359318,235.355,-0.004006180580342189,0.11,0.009999999999999995,1.9667,-0.3132999999999999,977.0,-0.07142363706020038,1082.6667,0.00710650283987313,140772.6667,0.00490643293569093,0
CA,2015Q2,2015-04-01,516.4,0.022145027754254976,236.96,0.013290047385601689,0.1233,0.013300000000000006,2.1667,0.20000000000000018,1158.0,0.1699630060901578,1272.3333,0.16142529447689835,141481.0,0.005019136121720891,0
CA,2015Q3,2015-07-01,529.58,0.025202580586767276,237.855,-0.0030264441535337028,0.1367,0.013399999999999981,2.22,0.053300000000000125,1166.6667,0.007456329247883531,1149.6667,-0.10138038461589272,142130.3333,0.004579044335265792,0
CA,2015Q4,2015-10-01,536.88,0.01369036629072884,237.837,-0.003845573011195924,0.16,0.023300000000000015,2.19,-0.03000000000000025,1125.3333,-0.03607144995393874,1205.0,0.04700749266211357,142821.3333,0.004849954820219438,0
CA,2016Q1,2016-01-01,543.9,0.012990800578931427,237.6893,-0.0005455272390388899,0.36,0.19999999999999998,1.92,-0.27,1142.6667,0.015285482794204164,1153.6667,-0.043534262064137685,143426.0,0.004224791144169515,0
CA,2016Q2,2016-04-01,553.56,0.0176047409288147,239.5903,0.008587229113127037,0.3733,0.013300000000000034,1.7533,-0.16669999999999985,1171.3333,0.0247779314002452,1191.0,0.03184798549468226,143967.0,0.0037648838978459054,0
CA,2016Q3,2016-07-01,565.67,0.021640721942939756,240.6073,-0.003730260039663591,0.3967,0.023399999999999976,1.5633,-0.19000000000000017,1159.3333,-0.010297574127372755,1234.0,0.03546763511003359,144716.0,0.005189094478540213,0
CA,2016Q4,2016-10-01,572.48,0.011966931019684601,242.1347,0.0020922763678568046,0.45,0.053300000000000014,2.13,0.5667,1235.0,0.06322587156811643,1244.0,0.008071068833791273,145218.6667,0.003467451542519484,0
CA,2017Q1,2017-01-01,578.43,0.010339736399060051,243.8387,0.0006847192618311126,0.7,0.24999999999999994,2.4433,0.3132999999999999,1217.0,-0.014682156074551145,1269.6667,0.020422430764979183,145814.6667,0.00409575649775995,0
CA,2017Q2,2017-04-01,590.42,0.020516611331845347,244.12,-0.005859791686013693,0.95,0.25,2.2633,-0.17999999999999972,1184.0,-0.027490277543575914,1270.6667,0.0007872982748269308,146379.3333,0.0038650164132896236,0
CA,2017Q3,2017-07-01,602.22,0.019788679002505027,245.287,0.003616079295716723,1.1533,0.20330000000000004,2.2433,-0.020000000000000018,1182.0,-0.0016906174779069971,1282.6667,0.009399546766082345,146899.6667,0.0035483887081060317,0
CA,2017Q4,2017-10-01,610.8,0.014146746290712997,247.2383,0.0031546494755501087,1.2033,0.050000000000000044,2.37,0.12670000000000003,1235.6667,0.04440274349256956,1322.0,0.030204471306618075,147348.0,0.003047321679519044,0
CA,2018Q1,2018-01-01,621.26,0.01698010051628973,249.3217,0.0004676862781423097,1.4467,0.24340000000000006,2.76,0.3899999999999997,1298.0,0.04921395580542143,1341.0,0.014269862870047056,147998.0,0.004401624192917453,0
CA,2018Q2,2018-04-01,633.11,0.01889450885757249,250.679,-0.0029621758713087587,1.7367,0.2899999999999998,2.92,0.16000000000000014,1275.0,-0.017878439671508595,1353.6667,0.009401380360985812,148707.3333,0.004781408163449186,0
CA,2018Q3,2018-07-01,641.11,0.012556866343831352,251.6863,-0.0014189711510859127,1.9233,0.1866000000000001,2.9267,0.006699999999999928,1248.6667,-0.02086983656146124,1307.0,-0.035082550018442404,149218.3333,0.0034303892439613293,0
CA,2018Q4,2018-10-01,641.02,-0.00014039138020027764,252.711,5.283795693422633e-05,2.22,0.2967000000000002,3.0333,0.10660000000000025,1165.6667,-0.06878314403985986,1309.6667,0.0020382427178970985,149651.0,0.002895358968281414,0
CA,2019Q1,2019-01-01,645.21,0.006515187519029908,253.3857,-0.0013967820881735094,2.4033,0.18330000000000002,2.6533,-0.3799999999999999,1179.3333,0.011656080795859225,1278.3333,-0.024215557284491318,150140.6667,0.0032667161221926477,0
CA,2019Q2,2019-04-01,651.78,0.010131236472713745,255.2473,0.0046537548942557905,2.3967,-0.006600000000000161,2.3333,-0.3200000000000003,1269.3333,0.0735425231955773,1322.6667,0.0340928058806389,150682.3333,0.003601235180829221,0
CA,2019Q3,2019-07-01,658.69,0.010545932439749883,256.0893,-0.004026712692899004,2.19,-0.2067000000000001,1.7967,-0.5366,1308.6667,0.03051703065687228,1443.3333,0.08730530429547123,151157.0,0.0031451639260939857,0
CA,2019Q4,2019-10-01,662.96,0.006461642427322722,257.888,0.003705837709737203,1.6433,-0.5467,1.7933,-0.0034000000000000696,1408.6667,0.07363482153141643,1500.3333,0.03873205317380002,151640.3333,0.003192456850491965,0
CA,2020Q1,2020-01-01,669.23,0.009413141214403176,258.8177,-0.0034005996368007274,1.26,-0.3833,1.3767,-0.41659999999999986,1465.3333,0.03943907093651866,1432.0,-0.04661521488694653,151739.6667,0.0006548447725602813,1
CA,2020Q2,2020-04-01,676.9,0.01139575375937163,256.292,-0.013405104135240542,0.06,-1.2,0.6867,-0.6900000000000001,1080.3333,-0.3048131204886859,1220.0,-0.16022120979328847,133712.3333,-0.1264756074603639,1
CA,2020Q3,2020-07-01,684.83,0.011647080764625173,259.2217,0.021172794056683486,0.0933,0.033299999999999996,0.65,-0.036699999999999955,1465.0,0.3045856378324041,1571.6667,0.253285789881053,140615.3333,0.05033730369134837,1
CA,2020Q4,2020-10-01,698.99,0.020465803700644436,261.0917,-0.004178254145169369,0.09,-0.0032999999999999974,0.8633,0.21329999999999993,1566.6667,0.06709499885546855,1689.3333,0.07219730543291458,142580.3333,0.013877553703624201,1
CA,2021Q1,2021-01-01,718.58,0.02764060641692101,263.7423,0.002912796934854356,0.08,-0.009999999999999995,1.3167,0.4534,1576.6667,0.006362693652882001,1774.0,0.04890292982825439,143491.6667,0.006371378414680606,1
CA,2021Q2,2021-04-01,761.23,0.05765850370422765,268.5503,0.007964939971683904,0.07,-0.009999999999999995,1.5933,0.27659999999999996,1578.0,0.0008452874463014126,1692.6667,-0.04693166958021866,145157.3333,0.011541249676387366,1
CA,2021Q3,2021-07-01,800.89,0.05078806319740359,272.8297,-0.002256185860151305,0.09,0.01999999999999999,1.3233,-0.27,1589.3333,0.007156397698102168,1678.0,-0.008702606262154688,147282.3333,0.014533167999211116,1
CA,2021Q4,2021-10-01,833.31,0.03968211249779152,278.7713,0.005734383850272806,0.08,-0.009999999999999995,1.5367,0.21340000000000003,1668.6667,0.04871030419571731,1797.0,0.06851599975640799,149206.0,0.012976522026251658,1
CA,2022Q1,2022-01-01,867.02,0.039656322769053176,284.9057,0.00022257451258500538,0.12,0.039999999999999994,1.94,0.4033,1716.3333,0.028165288657145737,1881.6667,0.04603931884688528,150715.3333,0.010064946198092173,1
CA,2022Q2,2022-04-01,919.84,0.059137697309752824,291.6053,0.0014764113159460024,0.77,0.65,2.93,0.9900000000000002,1634.0,-0.04915921653683597,1766.6667,-0.0630633758904171,151968.3333,0.008279317952810672,1
CA,2022Q3,2022-07-01,913.68,-0.006719341132629175,295.453,-0.010134331038405442,2.19,1.42,3.1067,0.17669999999999986,1466.6667,-0.1080387214544336,1620.0,-0.08666840151359789,153338.6667,0.00897681744701373,1
CA,2022Q4,2022-10-01,888.19,-0.02829471667324235,298.5417,-0.0027087463644894783,3.6533,1.4633000000000003,3.83,0.7233,1389.0,-0.05440821121117079,1468.3333,-0.0982982012257354,154174.3333,0.0054350135252043685,1
CA,2023Q1,2023-01-01,885.58,-0.0029428864888636497,301.2303,-0.0014343829181848733,4.5167,0.8634,3.6467,-0.18330000000000002,1379.0,-0.0072254649610421495,1502.6667,0.023113381673648625,154992.0,0.005289506122615251,1
CA,2023Q2,2023-04-01,907.07,0.02397682706512949,303.3977,-0.001796069248992893,4.99,0.47330000000000005,3.5933,-0.05339999999999989,1453.0,0.05227178577698055,1504.3333,0.0011084803263390341,155636.6667,0.004150728472065879,1
CA,2023Q3,2023-07-01,917.78,0.01173808583800362,305.989,0.0013352698010988817,5.26,0.2699999999999996,4.15,0.5567000000000002,1382.6667,-0.04961635878097059,1540.0,0.02343260640699274,156240.3333,0.003871188666582981,1
CA,2023Q4,2023-10-01,918.72,0.0010236864493204934,308.195,-0.0013211215306911939,5.33,0.07000000000000028,4.44,0.29000000000000004,1467.6667,0.05965983501011962,1516.6667,-0.015267450152766315,156712.0,0.0030143060584215675,1
CA,2024Q1,2024-01-01,934.0,0.01649504129614332,311.0033,0.001887277603742632,5.33,0.0,4.16,-0.28000000000000025,1415.0,-0.036544329722093316,1532.6667,0.01049419314869482,157245.3333,0.0033974923115458466,1
CA,2024Q2,2024-04-01,948.44,0.015342091369933364,313.0807,-0.002413361803679237,5.33,0.0,4.4433,0.28329999999999966,1342.6667,-0.052471820080779,1442.3333,-0.06074700995752824,157611.0,0.002322753749755435,1
CA,2024Q3,2024-07-01,957.91,0.009935298238658241,314.121,-0.0033401845150260456,5.2633,-0.06669999999999998,3.9467,-0.49659999999999993,1337.6667,-0.0037308834787390666,1448.6667,0.004381466711854465,157805.6667,0.0012343464709907437,1
CA,2024Q4,2024-10-01,960.9,0.003116517445787892,316.5877,0.00450475719563137,4.65,-0.6132999999999997,4.2833,0.3365999999999998,1387.0,0.03621631379701107,1472.0,0.01597840413089191,158113.3333,0.0019477568444283833,1
CA,2025Q1,2025-01-01,962.29,0.0014455152554191386,319.475,0.0012566926772263898,4.33,-0.3200000000000003,4.4533,0.16999999999999993,1401.0,0.010043126022175386,1465.0,-0.0047667778376538905,158318.3333,0.0012956985682421873,1
CA,2025Q2,2025-04-01,970.7,0.008701600179539248,320.7857,-0.0049844516426169605,4.33,0.0,4.36,-0.09329999999999927,1354.0,-0.03412309286478621,1403.0,-0.04324244134870625,158487.0,0.0010647972000938921,1
CA,2025Q3,2025-07-01,968.85,-0.0019076595715894484,323.235,0.003512038479817292,4.2933,-0.03669999999999973,4.2567,-0.10329999999999995,1346.3333,-0.005678351335521192,1369.0,-0.024532254814012333,158520.6667,0.00021240306568515166,1
CA,2025Q4,2025-10-01,972.44,0.003698575784595093,325.547,-0.0004790823209113171,3.8967,-0.3966000000000003,4.0967,-0.16000000000000014,1327.6667,-0.013961782516461518,1418.0,0.03516688180362415,158429.6667,-0.0005742224753273462,1
FL,1975Q1,1975-01-01,66.07,,52.5667,-0.009099038907365298,6.3033,-3.0434,7.54,-0.1299999999999999,976.3333,-0.047342240317117756,721.3333,-0.13468599966111405,76953.0,-0.015848859268690063,0
FL,1975Q2,1975-04-01,83.59,0.23520910966927033,53.2,-0.00917228589383301,5.42,-0.8833000000000002,8.05,0.5100000000000007,1071.0,0.09254404642947112,908.6667,0.23087705518461288,76535.0,-0.005446693336045527,0
FL,1975Q3,1975-07-01,66.85,-0.22347259216311244,54.2667,0.007876825871649729,6.16,0.7400000000000002,8.2967,0.2466999999999988,1250.0,0.15455075984859779,1026.0,0.12144466545856147,77050.3333,0.006710734975589716,0
FL,1975Q4,1975-10-01,68.15,0.019259854594589676,55.2667,-0.001592604784701912,5.4133,-0.7467000000000006,8.0633,-0.2333999999999996,1341.6667,0.07076909573292767,1099.0,0.06873292867290637,77747.3333,0.009005364559596885,0
FL,1976Q1,1976-01-01,68.14,-0.00014674590972152401,55.9,-0.00686595502661369,4.8267,-0.5865999999999998,7.7533,-0.3099999999999996,1442.0,0.07211839181562052,1183.0,0.07365290957476578,78789.0,0.01330914113220949,0
FL,1976Q2,1976-04-01,76.06,0.10995809026729386,56.4,-0.0024890446488816664,5.1967,0.3700000000000001,7.7733,0.019999999999999574,1449.6667,0.005302629078425269,1171.3333,-0.00991091235705266,79326.6667,0.006800955068033687,0
FL,1976Q3,1976-07-01,68.99,-0.0975609359420968,57.3,0.006926686873720556,5.2833,0.08659999999999979,7.73,-0.04329999999999945,1557.0,0.07142722491067843,1345.0,0.1382513404146053,79714.3333,0.0048750620001243306,0
FL,1976Q4,1976-10-01,70.24,0.017956382768844037,58.1333,-0.001393439525265272,4.8733,-0.40999999999999925,7.19,-0.54,1691.3333,0.08275625994880187,1489.0,0.10171074064806973,80199.6667,0.006069948724258367,0
FL,1977Q1,1977-01-01,70.93,0.009775525887134151,59.2,0.0037448667864357077,4.66,-0.21330000000000027,7.3533,0.16329999999999956,1844.3333,0.08660070437382128,1562.0,0.047862297715622226,81023.0,0.010213705979891685,0
FL,1977Q2,1977-04-01,78.83,0.10560015985782112,60.2333,-0.0008790788413230999,5.1567,0.4966999999999997,7.37,0.01670000000000016,1918.6667,0.039512660555702794,1693.3333,0.08073190181974699,82101.3333,0.01322119129442001,0
FL,1977Q3,1977-07-01,72.75,-0.08026472902021453,61.0667,-0.0035624597397170277,5.82,0.6633000000000004,7.3567,-0.01330000000000009,2009.0,0.0460065681026105,1713.6667,0.011936390619484705,83147.0,0.012655869335640446,0
FL,1977Q4,1977-10-01,74.92,0.02939197152428541,61.9667,0.0008890806626480341,6.5133,0.6932999999999998,7.5967,0.2400000000000002,2075.3333,0.03248468145683159,1761.0,0.027246485657342667,84127.6667,0.011725361106103449,0
FL,1978Q1,1978-01-01,78.42,0.04565811928829788,63.0333,0.00243557963321539,6.7567,0.24340000000000028,8.01,0.41329999999999956,1829.3333,-0.12617018375572986,1758.3333,-0.0015154577773941469,85000.6667,0.010323613269429543,0
FL,1978Q2,1978-04-01,83.36,0.061089581140871374,64.4667,0.005419639045925351,7.2833,0.5265999999999993,8.32,0.3100000000000005,2114.0,0.14463030391414655,1899.0,0.07696106009347403,86540.3333,0.017951486198549915,0
FL,1978Q3,1978-07-01,83.12,-0.002883231214084958,65.9667,0.0005156045933603082,8.1,0.8167,8.49,0.16999999999999993,2019.3333,-0.045814480018208315,1742.6667,-0.08591090560850922,87436.0,0.010296510980237983,0
FL,1978Q4,1978-10-01,84.6,0.0176489198212062,67.5,-2.372919946846963e-05,9.5833,1.4832999999999998,8.82,0.33000000000000007,2039.6667,0.010019004724995284,1798.0,0.031258409827788824,88339.3333,0.010278361994558338,0
FL,1979Q1,1979-01-01,89.8,0.05965070869597611,69.2,0.0018957361126483718,10.0733,0.4900000000000002,9.1067,0.28669999999999973,1665.6667,-0.20256094844886796,1557.6667,-0.1434859395997199,89114.0,0.008730989795115107,0
FL,1979Q2,1979-04-01,92.49,0.029515555258014636,71.4,0.006423741976774977,10.18,0.10670000000000002,9.1133,0.006600000000000605,1845.6667,0.10261510352707681,1640.3333,0.051710456444950204,89771.3333,0.007349247101450018,0
FL,1979Q3,1979-07-01,93.74,0.013424461928391196,73.7,0.00040792312783732854,10.9467,0.7667000000000002,9.1033,-0.009999999999999787,1790.0,-0.03062494738037813,1587.6667,-0.032633998748874404,90281.3333,0.005665024279407405,0
FL,1979Q4,1979-10-01,97.95,0.04393215189598987,76.0333,-0.0005363268271159072,13.5767,2.630000000000001,10.4467,1.343399999999999,1567.6667,-0.1326272842948395,1337.0,-0.17183715602597793,90575.3333,0.0032511962594341526,0
FL,1980Q1,1980-01-01,100.0,0.02071304159754206,79.0333,0.00752927739962761,15.0467,1.4699999999999989,11.9867,1.540000000000001,1246.0,-0.22964991519256284,1155.6667,-0.14575089124164986,90892.3333,0.003493738894499998,0
FL,1980Q2,1980-04-01,99.51,-0.004912044361020662,81.7,-0.005513161196498473,12.6867,-2.3599999999999994,10.4767,-1.5100000000000016,1058.0,-0.16355808692915375,929.0,-0.2183239470464553,90456.6667,-0.004804740452195588,0
FL,1980Q3,1980-07-01,105.9,0.0622371109802895,83.2333,-0.014591212954761623,9.8367,-2.8499999999999996,10.9533,0.47660000000000124,1392.0,0.27436122847612054,1370.0,0.3884572800083328,90050.6667,-0.0044984397808374155,0
FL,1980Q4,1980-10-01,108.77,0.02674030849839859,85.5667,0.00905517436074188,15.8533,6.0166,12.4233,1.4699999999999989,1505.0,0.0780513362886106,1332.6667,-0.027628767417429145,90726.6667,0.00747884857227632,0
FL,1981Q1,1981-01-01,110.39,0.014783988924500946,87.9333,-0.0003662968604762895,16.57,0.7166999999999994,12.96,0.5367000000000015,1366.3333,-0.09666216974294262,1201.0,-0.10402742932475828,91116.0,0.0042820961876319785,0
FL,1981Q2,1981-04-01,111.97,0.01421142824184507,89.7667,-0.00664687382878526,17.78,1.2100000000000009,13.75,0.7899999999999991,1181.6667,-0.14520482893317066,1113.0,-0.07609547080443857,91356.3333,0.0026341904509621372,0
FL,1981Q3,1981-07-01,108.12,-0.034989256863858564,92.2667,0.006833703922071166,17.5767,-0.20330000000000226,14.8467,1.0967000000000002,964.0,-0.20358988389631705,890.3333,-0.22321846427285585,91547.6667,0.002092173706337519,0
FL,1981Q4,1981-10-01,104.72,-0.031951599806602005,93.7667,-0.01134272789157631,13.5867,-3.9899999999999984,14.0867,-0.7599999999999998,873.3333,-0.09877402469145213,758.3333,-0.1604728882417925,91148.6667,-0.004367910695734167,0
FL,1982Q1,1982-01-01,112.52,0.07184086202001172,94.6,-0.007278792235141829,14.2267,0.6399999999999988,14.2933,0.2065999999999999,880.0,0.007604637553158433,831.0,0.09150679609455192,90520.6667,-0.006913687519293887,0
FL,1982Q2,1982-04-01,114.44,0.0169196845602535,95.9667,0.005496086497117858,14.5133,0.28659999999999997,13.93,-0.3633000000000006,948.0,0.07443259478276953,918.0,0.09956759576504215,90040.6667,-0.005316765463355466,0
FL,1982Q3,1982-07-01,104.44,-0.09143792435098153,97.6333,0.0028735872243261795,11.0067,-3.506599999999999,13.1167,-0.8132999999999999,1118.6667,0.16553830646134315,1004.0,0.08954990963118359,89355.6667,-0.007636759527017034,0
FL,1982Q4,1982-10-01,112.62,0.07540657599554379,97.9333,-0.014149356507337174,9.2867,-1.7200000000000006,10.6667,-2.4499999999999993,1282.6667,0.13680374038864862,1243.0,0.2135357912590372,88821.3333,-0.005997799960981709,0
FL,1983Q1,1983-01-01,121.4,0.07507155879892569,98.0,-0.002387166985384326,8.6533,-0.6334,10.5633,-0.1034000000000006,1630.3333,0.23984320232051726,1457.3333,0.15908044624478102,88999.0,0.0019982727039451476,0
FL,1983Q2,1983-04-01,123.6,0.01795966639819291,99.1333,0.010817086473278614,8.8033,0.15000000000000036,10.5433,-0.019999999999999574,1660.3333,0.01823389290335342,1668.0,0.1350170451631998,89676.3333,0.007581757728788219,0
FL,1983Q3,1983-07-01,124.29,0.0055669997338290145,100.1,-0.0017936532290745433,9.46,0.6567000000000007,11.6267,1.0833999999999993,1801.6667,0.08169381557770272,1697.6667,0.017629474932594924,90604.3333,0.01029514938074172,0
FL,1983Q4,1983-10-01,124.53,0.0019291059756376683,101.1,0.00023616249448732418,9.43,-0.030000000000001137,11.6867,0.0600000000000005,1729.3333,-0.04097622241361254,1670.3333,-0.01623159151576914,91875.0,0.013926916709511517,0
FL,1984Q1,1984-01-01,125.94,0.011258952327539262,102.5333,0.004137058134120686,9.6867,0.2567000000000004,11.9433,0.2566000000000006,1940.0,0.11495201456440007,1842.6667,0.09819062853360272,93086.3333,0.013098420056078197,0
FL,1984Q2,1984-04-01,126.92,0.007751363654397991,103.5,-0.004693508999745966,10.5567,0.8699999999999992,13.2,1.2566999999999986,1822.6667,-0.06238732459342167,1777.0,-0.0362872667144698,94123.0,0.011075059965255818,0
FL,1984Q3,1984-07-01,128.2,0.010034577771574682,104.4,-0.0007259260965106762,11.39,0.8333000000000013,12.8667,-0.3332999999999995,1672.0,-0.08628013381930533,1552.6667,-0.13495264491003311,95055.0,0.009853233889254298,0
FL,1984Q4,1984-10-01,126.47,-0.013586418594684346,105.3,-7.431905172428088e-05,9.2667,-2.1233000000000004,11.7433,-1.1234000000000002,1630.3333,-0.025236042219116683,1586.3333,0.021451348195564712,95906.0,0.008912873660738896,0
FL,1985Q1,1985-01-01,127.9,0.011243582692912035,106.2667,0.0005548090928666483,8.4767,-0.7900000000000009,11.5833,-0.16000000000000014,1714.3333,0.050239786237371575,1683.0,0.059152662750623364,96572.3333,0.006923750330562584,0
FL,1985Q2,1985-04-01,128.27,0.002888708726962008,107.2333,-8.368998023833285e-05,7.9233,-0.553399999999999,10.8133,-0.7699999999999996,1725.6667,0.0065892098870961036,1696.3333,0.00789112407969128,97269.6667,0.007194894895917514,0
FL,1985Q3,1985-07-01,128.1,-0.001326208409070162,107.9,-0.002856825268136909,7.9,-0.023299999999999876,10.3367,-0.47659999999999947,1701.0,-0.01439715515413642,1807.0,0.06319897232173144,97844.3333,0.005890589723932749,0
FL,1985Q4,1985-10-01,129.88,0.013799738331956135,109.0,0.003944972429172466,8.1033,0.20330000000000048,9.76,-0.5767000000000007,1824.6667,0.0701810268048293,1743.0,-0.03606024507220784,98428.3333,0.005950922597339314,0
FL,1986Q1,1986-01-01,131.3,0.010873834074105915,109.5667,-0.004957395963400835,7.8267,-0.27660000000000107,8.5567,-1.2033000000000005,1898.6667,0.03975456277919065,1798.0,0.031067169511544535,98837.6667,0.004150071350347062,0
FL,1986Q2,1986-04-01,134.74,0.025862214223763225,109.0333,-0.010065770073175884,6.92,-0.9066999999999998,7.6033,-0.9533999999999994,1878.0,-0.010944522211673302,1815.0,0.009410531667385591,99174.6667,0.0034038316663291823,0
FL,1986Q3,1986-07-01,135.66,0.006804759985419295,109.7,0.01097618319343141,6.2067,-0.7133000000000003,7.3067,-0.29659999999999975,1758.6667,-0.06565141564535981,1730.6667,-0.04757875772273401,99665.0,0.004931956505972224,0
FL,1986Q4,1986-10-01,135.82,0.0011787241677119198,110.4667,0.0008687236713633695,6.2667,0.0600000000000005,7.2633,-0.043400000000000105,1712.3333,-0.026699021790305366,1740.6667,0.005761490764498056,100312.6667,0.006477412955078421,0
FL,1987Q1,1987-01-01,136.52,0.005140644352860768,111.8,0.005032691853267934,6.22,-0.04670000000000041,7.1933,-0.07000000000000028,1761.3333,0.028214135716505773,1694.3333,-0.026978870635343988,100920.3333,0.006039451253530004,0
FL,1987Q2,1987-04-01,138.66,0.015553769475838308,113.0667,-0.0007310933066237979,6.65,0.4300000000000006,8.3433,1.1499999999999995,1612.0,-0.08859543498247557,1541.0,-0.09485777378525562,101709.0,0.007784368330895575,0
FL,1987Q3,1987-07-01,138.87,0.0015133501969444296,114.2667,-0.0007090696300746657,6.8433,0.1932999999999998,8.8767,0.5334000000000003,1625.0,0.008032171697264445,1513.6667,-0.017896570868693118,102438.0,0.007141942802919132,0
FL,1987Q4,1987-10-01,139.84,0.006960668195936215,115.3333,-0.0012662721083689377,6.9167,0.07339999999999947,9.1233,0.24660000000000082,1523.6667,-0.06438808322315204,1416.3333,-0.06646363653967047,103390.3333,0.009253731792281172,0
FL,1988Q1,1988-01-01,141.38,0.010952388835582916,116.2333,-0.0015178267397164547,6.6633,-0.25340000000000007,8.4167,-0.7065999999999999,1425.3333,-0.06671405145020248,1402.3333,-0.009933856759248627,104152.0,0.007339901285662975,0
FL,1988Q2,1988-04-01,144.31,0.020512462705178258,117.5667,0.003633273005188009,7.1567,0.4934000000000003,8.91,0.4932999999999996,1490.6667,0.04481778843770101,1452.6667,0.035263478630257694,105006.6667,0.008172469927822945,0
FL,1988Q3,1988-07-01,145.45,0.007868621493224204,119.0,0.0007112071436514711,7.9833,0.8266,9.1,0.1899999999999995,1484.0,-0.004482324800858528,1445.0,-0.0052916492362280465,105745.6667,0.007012999731744074,0
FL,1988Q4,1988-10-01,146.66,0.00828459772444301,120.3,-0.0012525311414925966,8.47,0.4867000000000008,8.9567,-0.14329999999999998,1551.3333,0.04437360997990858,1508.3333,0.04289594481993664,106597.0,0.008018528491952281,0
FL,1989Q1,1989-01-01,147.79,0.007675364560827624,121.6667,0.0004315860372097191,9.4433,0.9733,9.2067,0.25,1489.3333,-0.040786184567632056,1354.3333,-0.107695962659208,107403.0,0.007532745898924276,0
FL,1989Q2,1989-04-01,148.78,0.006676357536714583,123.6333,0.0047378714196870675,9.7267,0.28339999999999854,8.7733,-0.4333999999999989,1355.6667,-0.09403520731233961,1359.6667,0.003930292457999585,107910.3333,0.0047125204103473095,0
FL,1989Q3,1989-07-01,151.24,0.01639927425953669,124.6,-0.008245907185595591,9.0833,-0.6433999999999997,8.1067,-0.6666000000000007,1346.0,-0.0071561316225894345,1310.3333,-0.036958063850330625,108186.0,0.0025513329663997553,0
FL,1989Q4,1989-10-01,152.35,0.007312526408985498,125.8667,0.0023261239399516853,8.6133,-0.46999999999999886,7.9067,-0.20000000000000018,1337.3333,-0.006459674716181141,1377.0,0.04962568741372397,108688.0,0.0046294244266587015,0
FL,1990Q1,1990-01-01,153.05,0.0045841599597036264,128.0333,0.006952171820781672,8.25,-0.3633000000000006,8.4233,0.5165999999999995,1425.6667,0.06396200745118108,1441.0,0.04543009727086744,109424.0,0.006748851906793973,0
FL,1990Q2,1990-04-01,152.53,-0.0034033673795796915,129.3,-0.00722207645817452,8.2433,-0.006700000000000372,8.6767,0.25340000000000096,1212.3333,-0.1620927141159827,1103.6667,-0.2666993169180296,109784.0,0.003284554611592938,0
FL,1990Q3,1990-07-01,153.46,0.0060786487376773835,131.5333,0.00727986627841215,8.16,-0.08329999999999949,8.7033,0.02660000000000018,1132.0,-0.068560870060562,1041.0,-0.05845621046652294,109648.0,-0.0012395641238640565,0
FL,1990Q4,1990-10-01,152.91,-0.0035904337294594413,133.7667,-0.0002875794257013453,7.7433,-0.4167000000000005,8.3967,-0.3066000000000013,1042.6667,-0.0822044137967275,909.0,-0.1355919744374905,109255.6667,-0.003584533105373211,0
FL,1991Q1,1991-01-01,154.66,0.011379646160829537,134.7667,-0.009389288770869086,6.4267,-1.3165999999999993,8.0167,-0.379999999999999,894.6667,-0.1530855982851147,850.0,-0.06710874469311623,108787.0,-0.0042988597493067715,0
FL,1991Q2,1991-04-01,155.07,0.00264746869516852,135.5667,-0.0015292627179492868,5.8633,-0.5634000000000006,8.13,0.11330000000000062,1011.0,0.12224397233918527,957.0,0.1185670419685918,108311.0,-0.004385123425938886,0
FL,1991Q3,1991-07-01,154.83,-0.001548887047312597,136.6,0.001674542203309315,5.6433,-0.21999999999999975,7.94,-0.1900000000000004,1042.3333,0.030521817789726846,963.6667,0.0069420964853890155,108308.3333,-2.4621071069930167e-05,0
FL,1991Q4,1991-10-01,157.53,0.017288175489132307,137.7333,0.0006690824169366394,4.8167,-0.8266,7.3467,-0.5933000000000002,1087.0,0.04195985031101124,1012.0,0.04893836190906775,108330.3333,0.00020310317101568387,0
FL,1992Q1,1992-01-01,159.38,0.01167537165172483,138.6667,-0.001508254013153909,4.0233,-0.7934000000000001,7.3033,-0.043400000000000105,1241.0,0.13249589808339746,1101.6667,0.08489564402745131,108348.0,0.00016306845054714358,0
FL,1992Q2,1992-04-01,157.97,-0.00888614638859675,139.7333,0.0009083883973879381,3.77,-0.25329999999999986,7.3767,0.07339999999999947,1152.6667,-0.07383937871103186,1055.6667,-0.04265170442870936,108622.6667,0.002531833919299231,0
FL,1992Q3,1992-07-01,160.62,0.016636185179310203,140.8,-5.755587647016114e-05,3.2567,-0.5133000000000001,6.6167,-0.7599999999999998,1183.6667,0.026538865942484335,1092.6667,0.034448711695918455,108886.6667,0.002427483230370342,0
FL,1992Q4,1992-10-01,160.73,0.0006846118207333163,142.0333,0.0011162554922270473,3.0367,-0.21999999999999975,6.7433,0.12659999999999982,1228.3333,0.03704121638222535,1142.0,0.04415988907388435,109308.0,0.0038619992876611775,0
FL,1993Q1,1993-01-01,160.95,0.001367819163768047,143.0667,-0.0014716754981103364,3.04,0.0032999999999998586,6.28,-0.4632999999999994,1167.6667,-0.0506507257419484,1127.0,-0.013221876176179315,109947.0,0.0058288459482476185,0
FL,1993Q2,1993-04-01,162.67,0.010629851033544746,144.1,-5.2870003525384845e-05,3.0,-0.040000000000000036,5.99,-0.29000000000000004,1266.0,0.08085483962778461,1115.3333,-0.010405951047548712,110537.6667,0.005357906487287067,0
FL,1993Q3,1993-07-01,163.98,0.00802086038966987,144.7667,-0.002580569802709931,3.06,0.06000000000000005,5.6167,-0.3733000000000004,1299.0,0.025732413966478518,1218.3333,0.08833049316375963,111234.0,0.006279752492302393,0
FL,1993Q4,1993-10-01,165.57,0.009649596951487815,145.9667,0.0036390542508861756,2.99,-0.06999999999999984,5.6067,-0.009999999999999787,1433.6667,0.09864055069543376,1368.3333,0.116109652701895,112015.3333,0.0069996759103094774,0
FL,1994Q1,1994-01-01,165.38,-0.0011482098254989026,146.7,-0.0032438607265552477,3.2133,0.2232999999999996,6.0667,0.45999999999999996,1391.0,-0.030212375442590478,1333.6667,-0.025661363675006044,112876.0,0.007654104666782402,0
FL,1994Q2,1994-04-01,164.29,-0.0066126973757754115,147.5333,0.0006530562151585428,3.94,0.7267000000000001,7.0833,1.0166000000000004,1466.6667,0.05296936204207192,1381.6667,0.035358457843861046,113916.6667,0.009177316172959138,0
FL,1994Q3,1994-07-01,164.5,0.0012774112871811738,148.9,0.0035567988165539077,4.4867,0.5467,7.3333,0.25,1454.3333,-0.008444692430024325,1374.6667,-0.005079222309694487,114918.6667,0.008757444831235972,0
FL,1994Q4,1994-10-01,164.45,-0.0003039975703602593,149.7667,-0.003417216392334943,5.1667,0.6799999999999997,7.8367,0.5034000000000001,1472.0,0.012074437753330614,1377.6667,0.0021799693220794225,115832.6667,0.007921989152466224,0
FL,1995Q1,1995-01-01,165.02,0.003460106041131006,150.8667,0.0015141052140750233,5.81,0.6433,7.4833,-0.3534000000000006,1324.0,-0.1059645627918675,1254.0,-0.0940528288462561,116702.3333,0.007479911882082746,0
FL,1995Q2,1995-04-01,167.31,0.013781700393375118,152.1,0.0008236182877654485,6.02,0.20999999999999996,6.62,-0.8632999999999997,1287.3333,-0.0280845880699232,1278.3333,0.01921867786476117,117134.3333,0.0036948909489780135,0
FL,1995Q3,1995-07-01,170.43,0.01847627616757297,152.8667,-0.0031134332429223477,5.7967,-0.22329999999999917,6.3233,-0.2967000000000004,1415.3333,0.09479218161648273,1387.0,0.08158602125720371,117633.6667,0.004253851913068374,0
FL,1995Q4,1995-10-01,171.79,0.007948145401209139,153.7,0.0004082501885553924,5.72,-0.07670000000000066,5.8933,-0.4299999999999997,1417.3333,0.0014120972318707459,1424.0,0.026326671657090017,118172.0,0.004565914320709297,0
FL,1996Q1,1996-01-01,173.6,0.010481001587895555,155.0667,0.003416345659204012,5.3633,-0.3567,5.91,0.01670000000000016,1460.6667,0.03011582703254767,1414.6667,-0.006575857343480429,118682.3333,0.004309265383668048,0
FL,1996Q2,1996-04-01,172.52,-0.006240630446607831,156.4,-0.00029121521960639996,5.2433,-0.1200000000000001,6.72,0.8099999999999996,1495.6667,0.023679085286547163,1449.6667,0.02443971229487918,119475.0,0.006656688803452937,0
FL,1996Q3,1996-07-01,173.12,0.0034718238784741118,157.3,-0.0028234992205051768,5.3067,0.06340000000000057,6.78,0.0600000000000005,1501.3333,0.003781519354451035,1418.3333,-0.021851218085718216,120205.6667,0.0060970204524330995,0
FL,1996Q4,1996-10-01,174.06,0.005415071703251506,158.6667,0.0029129836300674228,5.28,-0.026699999999999946,6.3433,-0.4367000000000001,1417.0,-0.05781161925824918,1393.6667,-0.017544262231424135,120918.3333,0.005911221406389444,0
FL,1997Q1,1997-01-01,176.02,0.011197557584297968,159.6333,-0.0025774313618391886,5.2767,-0.0033000000000003027,6.5633,0.21999999999999975,1432.6667,0.010995572110300778,1421.0,0.019422661490922977,121673.3333,0.006224471336761184,0
FL,1997Q2,1997-04-01,175.98,-0.0002272727282512932,160.0,-0.00377902885599557,5.5233,0.24659999999999993,6.6967,0.13339999999999996,1476.0,0.029798193359436453,1412.3333,-0.0061176897402566155,122555.0,0.007220051155632845,0
FL,1997Q3,1997-07-01,178.29,0.013041085829263999,160.8,0.002693036145784866,5.5333,0.009999999999999787,6.2433,-0.45340000000000025,1457.6667,-0.012498719548010406,1461.0,0.033877973393855676,123258.6667,0.005725219687899852,0
FL,1997Q4,1997-10-01,181.37,0.017127705582653086,161.6667,0.00038791019901385226,5.5067,-0.02659999999999929,5.9067,-0.3365999999999998,1532.0,0.049737064688128996,1474.6667,0.009310865387339717,124232.6667,0.007871023321367687,0
FL,1998Q1,1998-01-01,184.9,0.019275994763747306,162.0,-0.0033159249325889206,5.52,0.013299999999999201,5.5867,-0.3199999999999994,1558.6667,0.01725670500911214,1602.3333,0.08302888128481545,124996.0,0.006125584965582576,0
FL,1998Q2,1998-04-01,184.69,-0.0011363945052584867,162.5333,0.0012270418430011532,5.5,-0.019999999999999574,5.5967,0.009999999999999787,1572.3333,0.008729918106587853,1550.6667,-0.03277591195627938,125788.6667,0.006321513592599359,0
FL,1998Q3,1998-07-01,187.05,0.012697216906334852,163.3667,0.0018278948140482143,5.5333,0.03329999999999966,5.2033,-0.39340000000000064,1631.3333,0.036836961485087194,1613.6667,0.03982407546189837,126500.6667,0.005644328126528819,0
FL,1998Q4,1998-10-01,189.8,0.014594925381672397,164.1333,-0.00043292816662976463,4.86,-0.6732999999999993,4.67,-0.5332999999999997,1722.3333,0.05428228536416135,1711.0,0.058568951963719584,127255.3333,0.005947988027214635,0
FL,1999Q1,1999-01-01,190.89,0.005726459736982825,164.7333,-0.0010326352839786779,4.7333,-0.12670000000000048,4.9833,0.3132999999999999,1709.3333,-0.007576529833868584,1705.6667,-0.003121934212511057,128016.6667,0.005964897500332356,0
FL,1999Q2,1999-04-01,192.38,0.007775236811658814,165.9667,0.003810463300492728,4.7467,0.013399999999999856,5.54,0.5567000000000002,1574.3333,-0.08227153037659285,1647.3333,-0.034798262033959304,128830.6667,0.006338416789947843,0
FL,1999Q3,1999-07-01,194.7,0.01198732965368432,167.2,-5.582845734686259e-05,5.0933,0.34660000000000046,5.8833,0.34330000000000016,1650.6667,0.04734738583515963,1634.6667,-0.007718868306268334,129588.3333,0.005863878205810025,0
FL,1999Q4,1999-10-01,197.0,0.011743816359834902,168.4333,-5.4409750155137715e-05,5.3067,0.21340000000000003,6.14,0.2566999999999995,1654.6667,0.0024203319112494626,1668.0,0.020186373579237582,130475.6667,0.006823988274847537,0
FL,2000Q1,2000-01-01,200.86,0.019404419227204706,170.1,0.002497548597422572,5.6767,0.3700000000000001,6.48,0.34000000000000075,1659.0,0.002615412389011418,1690.0,0.013103224998427088,131245.0,0.005879058200426002,0
FL,2000Q2,2000-04-01,204.52,0.01805762224660512,171.4333,-0.0020389034024361763,6.2733,0.5965999999999996,6.1767,-0.3033000000000001,1586.6667,-0.04457961062468474,1570.6667,-0.07322835003139616,132017.3333,0.0058674213363811845,0
FL,2000Q3,2000-07-01,208.82,0.020806866650166178,173.0,0.0012895545521987017,6.52,0.2466999999999997,5.8933,-0.2834000000000003,1503.6667,-0.05372880865743923,1554.6667,-0.0102389970826815,132266.3333,0.001884339481748043,0
FL,2000Q4,2000-10-01,213.18,0.0206642423990262,174.2333,-0.0019937135854419807,6.4733,-0.04669999999999952,5.5667,-0.3266,1544.0,0.026469859676401697,1578.0,0.014897040602777523,132541.3333,0.0020769798880060364,0
FL,2001Q1,2001-01-01,219.33,0.028440565712343435,175.9,0.0024168347684545566,5.5933,-0.8799999999999999,5.05,-0.5167000000000002,1605.0,0.03874730497939449,1671.3333,0.05746346870015362,132747.3333,0.0015530255705549223,0
FL,2001Q2,2001-04-01,224.85,0.024856068243382268,177.1333,-0.002533541275180795,4.3267,-1.2666000000000004,5.27,0.21999999999999975,1630.0,0.015456258236691944,1652.3333,-0.011433280927001022,132388.6667,-0.002705530888174934,0
FL,2001Q3,2001-07-01,229.99,0.022602316500402786,177.6333,-0.004168148225196511,3.4967,-0.8299999999999996,4.98,-0.28999999999999915,1599.6667,-0.018784719772997782,1592.6667,-0.03677862903206819,131985.3333,-0.003051235847101097,0
FL,2001Q4,2001-10-01,235.55,0.023887375428930824,177.5,-0.00356946057338714,2.1333,-1.3634,4.77,-0.21000000000000085,1570.0,-0.01871967568545685,1632.3333,0.02460068246663827,131193.0,-0.006021283621315376,0
FL,2002Q1,2002-01-01,240.22,0.019631964980294292,178.0667,0.003938294354740357,1.7333,-0.40000000000000013,5.0767,0.3067000000000002,1723.0,0.09299133818557603,1714.3333,0.0490137950493601,130772.6667,-0.0032090744257935455,0
FL,2002Q2,2002-04-01,247.56,0.030097806744816324,179.4667,0.004643885906293832,1.75,0.016699999999999937,5.1,0.023299999999999876,1691.0,-0.01874688762934973,1714.3333,0.0,130640.6667,-0.0010098950156969266,0
FL,2002Q3,2002-07-01,254.53,0.027765730364863295,180.4333,-0.0024599711979007566,1.74,-0.010000000000000009,4.26,-0.8399999999999999,1697.3333,0.003738302471958832,1745.3333,0.017921281600230543,130555.6667,-0.0006508514257781428,0
FL,2002Q4,2002-10-01,260.31,0.022454521237484037,181.5,0.0005229683140761665,1.4433,-0.29669999999999996,4.0067,-0.2532999999999994,1729.6667,0.018870358600627135,1822.0,0.04298925855677105,130566.0,7.914548138465705e-05,0
FL,2003Q1,2003-01-01,265.87,0.021134239040254243,183.3667,0.004337845982972155,1.25,-0.19330000000000003,3.92,-0.08670000000000044,1736.0,0.0036548852491300465,1806.3333,-0.008635809375488357,130416.3333,-0.0011469490253581682,0
FL,2003Q2,2003-04-01,272.28,0.023823481065988084,183.0667,-0.011869724983207597,1.2467,-0.0033000000000000806,3.62,-0.2999999999999998,1753.6667,0.010125236850194952,1837.6667,0.017197679616102413,130185.3333,-0.0017728210530236765,0
FL,2003Q3,2003-07-01,278.8,0.023663730306618724,184.4333,0.009074718883136157,1.0167,-0.22999999999999998,4.2333,0.6132999999999997,1889.6667,0.07469161122549828,1937.3333,0.052815770755764824,130196.3333,8.449135570920419e-05,0
FL,2003Q4,2003-10-01,291.78,0.0455054147573799,185.1333,-0.003649087541439222,0.9967,-0.019999999999999907,4.2867,0.05339999999999989,2035.6667,0.07442291763368747,1972.3333,0.017904818291845537,130502.6667,0.002350093717186752,0
FL,2004Q1,2004-01-01,300.62,0.029846915061330748,186.7,0.0046387187415168896,1.0033,0.00660000000000005,4.02,-0.26670000000000016,1918.3333,-0.059366645817998,1994.6667,0.011259710589305527,130905.6667,0.0030833012400695026,0
FL,2004Q2,2004-04-01,314.74,0.045899892467638814,188.1667,-0.0006017228716839185,1.01,0.006699999999999928,4.6,0.5800000000000001,1937.3333,0.009855703704603869,2080.0,0.041890924997930234,131634.3333,0.005550913925581824,0
FL,2004Q3,2004-07-01,334.52,0.06094976734060609,189.3667,-0.0014681466710397828,1.4333,0.4233,4.3033,-0.2966999999999995,1977.0,0.02026810435433468,2069.6667,-0.004980313892927413,131960.6667,0.0024760224338145065,0
FL,2004Q4,2004-10-01,349.82,0.044722067965592416,191.4,0.004323057247757056,1.95,0.5166999999999999,4.1733,-0.1299999999999999,1965.3333,-0.0059186949302061365,2086.0,0.007860776758281673,132520.6667,0.004234709721576024,0
FL,2005Q1,2005-01-01,368.53,0.05210338296295536,192.3667,-0.00564216478841395,2.47,0.5200000000000002,4.2967,0.12340000000000018,2071.6667,0.052691603126395314,2105.0,0.009067110555763591,132989.6667,0.003532822860689677,0
FL,2005Q2,2005-04-01,396.12,0.07219507621123,193.6667,0.001697226661699247,2.9433,0.4732999999999996,4.16,-0.13670000000000027,2051.3333,-0.009863480402523273,2137.6667,0.015399439957597849,133719.0,0.005469151992585353,0
FL,2005Q3,2005-07-01,423.71,0.06733206330580721,196.6,0.00829737344040371,3.46,0.5167000000000002,4.2133,0.053300000000000125,2100.0,0.0234473727472313,2228.3333,0.041538999834990875,134451.3333,0.0054617161523182745,0
FL,2005Q4,2005-10-01,446.04,0.05135937513825173,198.4333,-0.005750751616615091,3.98,0.52,4.49,0.27669999999999995,2068.6667,-0.01503305125786003,2169.3333,-0.026834021603955982,134932.3333,0.0035711186000924044,0
FL,2006Q1,2006-01-01,463.61,0.038635047455040095,199.4667,-0.004087534199871179,4.4567,0.4766999999999997,4.57,0.08000000000000007,2120.3333,0.02466899983624149,2157.0,-0.0057015179159582985,135732.6667,0.005913847246914017,0
FL,2006Q2,2006-04-01,473.41,0.020918139089960874,201.2667,0.003789307522172436,4.9067,0.4500000000000002,5.07,0.5,1855.0,-0.13368859724836035,1923.3333,-0.11465859288614322,136265.3333,0.003916699982713823,0
FL,2006Q3,2006-07-01,476.89,0.007324035685615904,203.1667,0.0004123409818168611,5.2467,0.33999999999999986,4.8967,-0.17330000000000023,1702.3333,-0.08588485664296908,1713.3333,-0.11561900317716489,136682.3333,0.003055533169638025,0
FL,2006Q4,2006-10-01,480.18,0.006875177279231259,202.3333,-0.013506416775125096,5.2467,0.0,4.63,-0.26670000000000016,1570.0,-0.0809242200562128,1581.0,-0.08038321311637553,137050.6667,0.002691189022183238,0
FL,2007Q1,2007-01-01,477.34,-0.0059320083716114524,204.317,0.01386685835465773,5.2567,0.010000000000000675,4.68,0.04999999999999982,1461.3333,-0.07172638119283103,1606.6667,0.016104101913951396,137605.3333,0.004038996810887596,0
FL,2007Q2,2007-04-01,471.09,-0.013179866670426144,206.631,0.0015055128268333107,5.25,-0.006700000000000372,4.8467,0.16670000000000051,1451.0,-0.0070962642653347174,1456.6667,-0.09801091681860274,137969.6667,0.002644170278681912,0
FL,2007Q3,2007-07-01,454.22,-0.03646749639752489,207.939,-0.004951710879503857,5.0733,-0.1767000000000003,4.73,-0.1166999999999998,1289.0,-0.1183862499450008,1314.3333,-0.10282120245670345,138052.0,0.0005965713012763274,0
FL,2007Q4,2007-10-01,442.75,-0.025576385504503918,210.4897,0.005881779723557301,4.4967,-0.5766,4.26,-0.47000000000000064,1166.0,-0.10028763602874946,1188.3333,-0.10077780371832201,138286.6667,0.0016983997151864827,0
FL,2008Q1,2008-01-01,424.96,-0.041010229814928856,212.7697,-0.0014183140476200506,3.1767,-1.3199999999999998,3.6633,-0.5966999999999998,1064.0,-0.09154369700884768,1025.0,-0.14785912455728667,138326.3333,0.00028680214069432,0
FL,2008Q2,2008-04-01,395.56,-0.07169256444622452,215.5377,0.0021518368246313813,2.0867,-1.0899999999999999,3.8867,0.22339999999999982,1010.6667,-0.05142517882590791,1061.0,0.03451924704147391,137863.6667,-0.0033503532552288107,0
FL,2008Q3,2008-07-01,363.46,-0.08463323274867474,218.861,0.0023755127450408864,1.94,-0.14670000000000005,3.8633,-0.023399999999999643,862.3333,-0.15872363621257612,858.6667,-0.21158630123797373,137156.0,-0.005146310228218098,0
FL,2008Q4,2008-10-01,345.14,-0.05171911783368177,213.8487,-0.038469058355938834,0.5067,-1.4333,3.2533,-0.6100000000000003,663.0,-0.2628668646772434,638.6667,-0.29599811532124765,135559.6667,-0.01170707610223154,0
FL,2009Q1,2009-01-01,350.65,0.015838443163485927,212.3777,0.01626560712872216,0.1833,-0.3234,2.7367,-0.5166,525.6667,-0.2321076284793948,538.6667,-0.17028570976064472,133297.0,-0.016832166740949006,0
FL,2009Q2,2009-04-01,332.75,-0.05239711770769784,213.507,0.012205788099366899,0.18,-0.0032999999999999974,3.3133,0.5766,534.3333,0.016352439851941902,559.3333,0.03764852647016781,131432.0,-0.01409011370096458,0
FL,2009Q3,2009-07-01,313.63,-0.05917751010910077,215.344,0.0032638047305484363,0.1567,-0.023299999999999987,3.5167,0.20340000000000025,588.3333,0.0962738224836528,606.6667,0.0812340075835003,130460.0,-0.007422941236086444,0
FL,2009Q4,2009-10-01,305.66,-0.025740574066429822,217.03,-0.000768287133378287,0.12,-0.03670000000000001,3.46,-0.056700000000000195,567.6667,-0.035759173327579497,623.3333,0.027101821356800393,129975.3333,-0.0037219777621615435,0
FL,2010Q1,2010-01-01,299.92,-0.018957600672034225,217.374,-0.006215063855589342,0.1333,0.013300000000000006,3.7167,0.25669999999999993,618.0,0.08495400674320752,657.6667,0.05361690033415645,129791.3333,-0.0014166562105994984,0
FL,2010Q2,2010-04-01,291.56,-0.028269955913644118,217.2973,-0.0019366898381862896,0.1933,0.06,3.49,-0.22669999999999968,602.0,-0.02623101214886958,599.6667,-0.09232426716988318,130424.0,0.0048626492421650624,0
FL,2010Q3,2010-07-01,294.96,0.011593937411876531,217.9343,0.003280089605024905,0.1867,-0.006599999999999995,2.7867,-0.7033,579.6667,-0.03780416211833604,574.0,-0.04374460454929174,130390.3333,-0.00025816602761885576,0
FL,2010Q4,2010-10-01,289.67,-0.018097409914955342,219.699,0.005137607246683551,0.1867,0.0,2.8633,0.0766,542.3333,-0.06657252610237308,583.3333,0.016129324787024224,130733.0,0.0026245597616192384,0
FL,2011Q1,2011-01-01,275.89,-0.04874010846087007,222.0437,0.0025509951290105803,0.1567,-0.03,3.46,0.5966999999999998,582.3333,0.07116220713684918,567.0,-0.02839941737883933,131059.0,0.0024905281178000394,0
FL,2011Q2,2011-04-01,267.44,-0.031106993438219988,224.5683,0.0006899015632813033,0.0933,-0.06340000000000001,3.21,-0.25,574.3333,-0.013833074403447831,611.6667,0.07582822258872035,131743.6667,0.005210512188654093,0
FL,2011Q3,2011-07-01,270.22,0.010341199919969846,226.0327,-0.004805896659700437,0.0833,-0.009999999999999995,2.4267,-0.7833000000000001,619.3333,0.07543368706284603,626.0,0.02316284478362629,132153.6667,0.003107271487751362,0
FL,2011Q4,2011-10-01,272.66,0.008989155726170317,227.0473,-0.0020210997837715183,0.0733,-0.009999999999999995,2.0467,-0.3799999999999999,671.6667,0.08111865845610478,691.3333,0.09927168080525561,132710.3333,0.004203420771665023,0
FL,2012Q1,2012-01-01,267.27,-0.019966214357321377,228.326,0.0011373797223193094,0.1033,0.03,2.0367,-0.009999999999999787,707.3333,0.051739748040000144,752.0,0.08411427204448607,133501.0,0.005940160511729076,0
FL,2012Q2,2012-04-01,265.4,-0.007021261502555554,228.808,-0.003507274831300755,0.1533,0.04999999999999999,1.8233,-0.21340000000000026,739.3333,0.04424685077607471,774.0,0.028835549639887326,133923.3333,0.0031585282154296124,0
FL,2012Q3,2012-07-01,271.61,0.023129091959889436,229.841,0.002395749945685033,0.1433,-0.009999999999999981,1.6433,-0.17999999999999994,780.3333,0.05397230194947422,873.0,0.12036368224987459,134337.6667,0.0030890344065568343,0
FL,2012Q4,2012-10-01,275.47,0.014111515883748815,231.3693,0.002122828158626966,0.16,0.016699999999999993,1.7067,0.06340000000000012,908.0,0.15152324249528082,915.0,0.046988509435919035,134856.0,0.0038510114070664514,0
FL,2013Q1,2013-01-01,279.15,0.013270542014624631,232.2993,-0.002615878574562025,0.1433,-0.016699999999999993,1.95,0.24329999999999985,953.3333,0.04872020157945922,952.0,0.03964096951584395,135497.3333,0.004744417205282403,0
FL,2013Q2,2013-04-01,288.49,0.032911151545981454,232.045,-0.005106799221393565,0.1167,-0.026600000000000013,1.9967,0.046699999999999964,868.0,-0.09377286552040243,985.6667,0.03475323021106114,136082.6667,0.004310584773152826,0
FL,2013Q3,2013-07-01,295.8,0.025023126974348386,233.3,0.006489168705049231,0.0833,-0.0334,2.71,0.7133,882.3333,0.01637816112002266,988.3333,0.0027017240344768823,136619.3333,0.003935924876344643,0
FL,2013Q4,2013-10-01,303.34,0.025170738346551147,234.1627,-0.0017028667855587543,0.0867,0.0034000000000000002,2.7467,0.03670000000000018,1009.0,0.13414514457323534,1026.0,0.03740303669381184,137243.3333,0.004557036470934861,0
FL,2014Q1,2014-01-01,307.55,0.013783387031127248,235.621,0.00251741516916848,0.0733,-0.013399999999999995,2.7633,0.016599999999999948,934.0,-0.07723858212476564,1027.3333,0.0012986690347727148,137752.6667,0.003704301025585721,0
FL,2014Q2,2014-04-01,315.9,0.026788032153661767,236.8723,-0.0009118136123378306,0.0933,0.01999999999999999,2.6233,-0.14000000000000012,987.0,0.05519360120463901,1039.3333,0.011613034112283316,138553.3333,0.005795522652929819,0
FL,2014Q3,2014-07-01,322.61,0.02101845554274817,237.4783,-0.0027415218995301416,0.09,-0.0032999999999999974,2.4967,-0.12659999999999982,1030.6667,0.04329111394724716,1066.6667,0.025959102491937003,139301.3333,0.005384122686288961,0
FL,2014Q4,2014-10-01,328.6,0.01839704225238048,236.8883,-0.005042602386027717,0.1,0.010000000000000009,2.28,-0.21670000000000034,1049.3333,0.01794913572225365,1075.0,0.007782109192055131,140083.6667,0.005600411223202428,0
FL,2015Q1,2015-01-01,336.0,0.02226995436003598,235.355,-0.004006180580342189,0.11,0.009999999999999995,1.9667,-0.3132999999999999,977.0,-0.07142363706020038,1082.6667,0.00710650283987313,140772.6667,0.00490643293569093,0
FL,2015Q2,2015-04-01,344.09,0.023792091098558288,236.96,0.013290047385601689,0.1233,0.013300000000000006,2.1667,0.20000000000000018,1158.0,0.1699630060901578,1272.3333,0.16142529447689835,141481.0,0.005019136121720891,0
FL,2015Q3,2015-07-01,352.71,0.02474293848599718,237.855,-0.0030264441535337028,0.1367,0.013399999999999981,2.22,0.053300000000000125,1166.6667,0.007456329247883531,1149.6667,-0.10138038461589272,142130.3333,0.004579044335265792,0
FL,2015Q4,2015-10-01,359.54,0.019179247070510108,237.837,-0.003845573011195924,0.16,0.023300000000000015,2.19,-0.03000000000000025,1125.3333,-0.03607144995393874,1205.0,0.04700749266211357,142821.3333,0.004849954820219438,0
FL,2016Q1,2016-01-01,366.33,0.018709129894770804,237.6893,-0.0005455272390388899,0.36,0.19999999999999998,1.92,-0.27,1142.6667,0.015285482794204164,1153.6667,-0.043534262064137685,143426.0,0.004224791144169515,0
FL,2016Q2,2016-04-01,375.6,0.024990180821067298,239.5903,0.008587229113127037,0.3733,0.013300000000000034,1.7533,-0.16669999999999985,1171.3333,0.0247779314002452,1191.0,0.03184798549468226,143967.0,0.0037648838978459054,0
FL,2016Q3,2016-07-01,385.92,0.027105346764658478,240.6073,-0.003730260039663591,0.3967,0.023399999999999976,1.5633,-0.19000000000000017,1159.3333,-0.010297574127372755,1234.0,0.03546763511003359,144716.0,0.005189094478540213,0
FL,2016Q4,2016-10-01,392.25,0.016269297514375225,242.1347,0.0020922763678568046,0.45,0.053300000000000014,2.13,0.5667,1235.0,0.06322587156811643,1244.0,0.008071068833791273,145218.6667,0.003467451542519484,0
FL,2017Q1,2017-01-01,399.4,0.01806402936857321,243.8387,0.0006847192618311126,0.7,0.24999999999999994,2.4433,0.3132999999999999,1217.0,-0.014682156074551145,1269.6667,0.020422430764979183,145814.6667,0.00409575649775995,0
FL,2017Q2,2017-04-01,409.21,0.02426505072481877,244.12,-0.005859791686013693,0.95,0.25,2.2633,-0.17999999999999972,1184.0,-0.027490277543575914,1270.6667,0.0007872982748269308,146379.3333,0.0038650164132896236,0
FL,2017Q3,2017-07-01,416.42,0.017465894620515066,245.287,0.003616079295716723,1.1533,0.20330000000000004,2.2433,-0.020000000000000018,1182.0,-0.0016906174779069971,1282.6667,0.009399546766082345,146899.6667,0.0035483887081060317,0
FL,2017Q4,2017-10-01,424.5,0.019217639424353727,247.2383,0.0031546494755501087,1.2033,0.050000000000000044,2.37,0.12670000000000003,1235.6667,0.04440274349256956,1322.0,0.030204471306618075,147348.0,0.003047321679519044,0
FL,2018Q1,2018-01-01,432.99,0.019802627296179764,249.3217,0.0004676862781423097,1.4467,0.24340000000000006,2.76,0.3899999999999997,1298.0,0.04921395580542143,1341.0,0.014269862870047056,147998.0,0.004401624192917453,0
FL,2018Q2,2018-04-01,441.36,0.019146235916593035,250.679,-0.0029621758713087587,1.7367,0.2899999999999998,2.92,0.16000000000000014,1275.0,-0.017878439671508595,1353.6667,0.009401380360985812,148707.3333,0.004781408163449186,0
FL,2018Q3,2018-07-01,448.78,0.016671920971481846,251.6863,-0.0014189711510859127,1.9233,0.1866000000000001,2.9267,0.006699999999999928,1248.6667,-0.02086983656146124,1307.0,-0.035082550018442404,149218.3333,0.0034303892439613293,0
FL,2018Q4,2018-10-01,452.24,0.00768022243137878,252.711,5.283795693422633e-05,2.22,0.2967000000000002,3.0333,0.10660000000000025,1165.6667,-0.06878314403985986,1309.6667,0.0020382427178970985,149651.0,0.002895358968281414,0
FL,2019Q1,2019-01-01,459.22,0.015316385696841017,253.3857,-0.0013967820881735094,2.4033,0.18330000000000002,2.6533,-0.3799999999999999,1179.3333,0.011656080795859225,1278.3333,-0.024215557284491318,150140.6667,0.0032667161221926477,0
FL,2019Q2,2019-04-01,465.22,0.012981013917884532,255.2473,0.0046537548942557905,2.3967,-0.006600000000000161,2.3333,-0.3200000000000003,1269.3333,0.0735425231955773,1322.6667,0.0340928058806389,150682.3333,0.003601235180829221,0
FL,2019Q3,2019-07-01,472.86,0.016288949611851677,256.0893,-0.004026712692899004,2.19,-0.2067000000000001,1.7967,-0.5366,1308.6667,0.03051703065687228,1443.3333,0.08730530429547123,151157.0,0.0031451639260939857,0
FL,2019Q4,2019-10-01,478.93,0.012755087351078664,257.888,0.003705837709737203,1.6433,-0.5467,1.7933,-0.0034000000000000696,1408.6667,0.07363482153141643,1500.3333,0.03873205317380002,151640.3333,0.003192456850491965,0
FL,2020Q1,2020-01-01,486.24,0.015147880223791432,258.8177,-0.0034005996368007274,1.26,-0.3833,1.3767,-0.41659999999999986,1465.3333,0.03943907093651866,1432.0,-0.04661521488694653,151739.6667,0.0006548447725602813,1
FL,2020Q2,2020-04-01,492.48,0.012751521482031514,256.292,-0.013405104135240542,0.06,-1.2,0.6867,-0.6900000000000001,1080.3333,-0.3048131204886859,1220.0,-0.16022120979328847,133712.3333,-0.1264756074603639,1
FL,2020Q3,2020-07-01,501.05,0.017252045853823006,259.2217,0.021172794056683486,0.0933,0.033299999999999996,0.65,-0.036699999999999955,1465.0,0.3045856378324041,1571.6667,0.253285789881053,140615.3333,0.05033730369134837,1
FL,2020Q4,2020-10-01,514.48,0.026450785322269965,261.0917,-0.004178254145169369,0.09,-0.0032999999999999974,0.8633,0.21329999999999993,1566.6667,0.06709499885546855,1689.3333,0.07219730543291458,142580.3333,0.013877553703624201,1
FL,2021Q1,2021-01-01,531.18,0.03194426502440528,263.7423,0.002912796934854356,0.08,-0.009999999999999995,1.3167,0.4534,1576.6667,0.006362693652882001,1774.0,0.04890292982825439,143491.6667,0.006371378414680606,1
FL,2021Q2,2021-04-01,565.96,0.06342245747673836,268.5503,0.007964939971683904,0.07,-0.009999999999999995,1.5933,0.27659999999999996,1578.0,0.0008452874463014126,1692.6667,-0.04693166958021866,145157.3333,0.011541249676387366,1
FL,2021Q3,2021-07-01,607.7,0.07115793481355848,272.8297,-0.002256185860151305,0.09,0.01999999999999999,1.3233,-0.27,1589.3333,0.007156397698102168,1678.0,-0.008702606262154688,147282.3333,0.014533167999211116,1
FL,2021Q4,2021-10-01,641.91,0.05476676780565981,278.7713,0.005734383850272806,0.08,-0.009999999999999995,1.5367,0.21340000000000003,1668.6667,0.04871030419571731,1797.0,0.06851599975640799,149206.0,0.012976522026251658,1
FL,2022Q1,2022-01-01,678.13,0.0548909030265623,284.9057,0.00022257451258500538,0.12,0.039999999999999994,1.94,0.4033,1716.3333,0.028165288657145737,1881.6667,0.04603931884688528,150715.3333,0.010064946198092173,1
FL,2022Q2,2022-04-01,732.72,0.07742462712120002,291.6053,0.0014764113159460024,0.77,0.65,2.93,0.9900000000000002,1634.0,-0.04915921653683597,1766.6667,-0.0630633758904171,151968.3333,0.008279317952810672,1
FL,2022Q3,2022-07-01,761.25,0.038198181929375075,295.453,-0.010134331038405442,2.19,1.42,3.1067,0.17669999999999986,1466.6667,-0.1080387214544336,1620.0,-0.08666840151359789,153338.6667,0.00897681744701373,1
FL,2022Q4,2022-10-01,757.98,-0.004304818954105727,298.5417,-0.0027087463644894783,3.6533,1.4633000000000003,3.83,0.7233,1389.0,-0.05440821121117079,1468.3333,-0.0982982012257354,154174.3333,0.0054350135252043685,1
FL,2023Q1,2023-01-01,760.96,0.003923793992361091,301.2303,-0.0014343829181848733,4.5167,0.8634,3.6467,-0.18330000000000002,1379.0,-0.0072254649610421495,1502.6667,0.023113381673648625,154992.0,0.005289506122615251,1
FL,2023Q2,2023-04-01,776.9,0.020730847894013138,303.3977,-0.001796069248992893,4.99,0.47330000000000005,3.5933,-0.05339999999999989,1453.0,0.05227178577698055,1504.3333,0.0011084803263390341,155636.6667,0.004150728472065879,1
FL,2023Q3,2023-07-01,793.94,0.021696249684819868,305.989,0.0013352698010988817,5.26,0.2699999999999996,4.15,0.5567000000000002,1382.6667,-0.04961635878097059,1540.0,0.02343260640699274,156240.3333,0.003871188666582981,1
FL,2023Q4,2023-10-01,793.18,-0.0009577096351751635,308.195,-0.0013211215306911939,5.33,0.07000000000000028,4.44,0.29000000000000004,1467.6667,0.05965983501011962,1516.6667,-0.015267450152766315,156712.0,0.0030143060584215675,1
FL,2024Q1,2024-01-01,803.69,0.01316344068159303,311.0033,0.001887277603742632,5.33,0.0,4.16,-0.28000000000000025,1415.0,-0.036544329722093316,1532.6667,0.01049419314869482,157245.3333,0.0033974923115458466,1
FL,2024Q2,2024-04-01,811.22,0.009325664677727552,313.0807,-0.002413361803679237,5.33,0.0,4.4433,0.28329999999999966,1342.6667,-0.052471820080779,1442.3333,-0.06074700995752824,157611.0,0.002322753749755435,1
FL,2024Q3,2024-07-01,815.37,0.005102710584332648,314.121,-0.0033401845150260456,5.2633,-0.06669999999999998,3.9467,-0.49659999999999993,1337.6667,-0.0037308834787390666,1448.6667,0.004381466711854465,157805.6667,0.0012343464709907437,1
FL,2024Q4,2024-10-01,823.3,0.00967865635470666,316.5877,0.00450475719563137,4.65,-0.6132999999999997,4.2833,0.3365999999999998,1387.0,0.03621631379701107,1472.0,0.01597840413089191,158113.3333,0.0019477568444283833,1
FL,2025Q1,2025-01-01,815.16,-0.00993624131316917,319.475,0.0012566926772263898,4.33,-0.3200000000000003,4.4533,0.16999999999999993,1401.0,0.010043126022175386,1465.0,-0.0047667778376538905,158318.3333,0.0012956985682421873,1
FL,2025Q2,2025-04-01,820.47,0.006492933799191469,320.7857,-0.0049844516426169605,4.33,0.0,4.36,-0.09329999999999927,1354.0,-0.03412309286478621,1403.0,-0.04324244134870625,158487.0,0.0010647972000938921,1
FL,2025Q3,2025-07-01,816.33,-0.005058661813986731,323.235,0.003512038479817292,4.2933,-0.03669999999999973,4.2567,-0.10329999999999995,1346.3333,-0.005678351335521192,1369.0,-0.024532254814012333,158520.6667,0.00021240306568515166,1
FL,2025Q4,2025-10-01,823.56,0.008817721732127914,325.547,-0.0004790823209113171,3.8967,-0.3966000000000003,4.0967,-0.16000000000000014,1327.6667,-0.013961782516461518,1418.0,0.03516688180362415,158429.6667,-0.0005742224753273462,1
IL,1975Q1,1975-01-01,65.92,,52.5667,-0.009099038907365298,6.3033,-3.0434,7.54,-0.1299999999999999,976.3333,-0.047342240317117756,721.3333,-0.13468599966111405,76953.0,-0.015848859268690063,0
IL,1975Q2,1975-04-01,62.23,-0.05760468702009014,53.2,-0.00917228589383301,5.42,-0.8833000000000002,8.05,0.5100000000000007,1071.0,0.09254404642947112,908.6667,0.23087705518461288,76535.0,-0.005446693336045527,0
IL,1975Q3,1975-07-01,64.12,0.0299191291602261,54.2667,0.007876825871649729,6.16,0.7400000000000002,8.2967,0.2466999999999988,1250.0,0.15455075984859779,1026.0,0.12144466545856147,77050.3333,0.006710734975589716,0
IL,1975Q4,1975-10-01,67.15,0.046172595227893964,55.2667,-0.001592604784701912,5.4133,-0.7467000000000006,8.0633,-0.2333999999999996,1341.6667,0.07076909573292767,1099.0,0.06873292867290637,77747.3333,0.009005364559596885,0
IL,1976Q1,1976-01-01,68.16,0.01492895955181428,55.9,-0.00686595502661369,4.8267,-0.5865999999999998,7.7533,-0.3099999999999996,1442.0,0.07211839181562052,1183.0,0.07365290957476578,78789.0,0.01330914113220949,0
IL,1976Q2,1976-04-01,70.53,0.03418026869902757,56.4,-0.0024890446488816664,5.1967,0.3700000000000001,7.7733,0.019999999999999574,1449.6667,0.005302629078425269,1171.3333,-0.00991091235705266,79326.6667,0.006800955068033687,0
IL,1976Q3,1976-07-01,73.66,0.04342175979683116,57.3,0.006926686873720556,5.2833,0.08659999999999979,7.73,-0.04329999999999945,1557.0,0.07142722491067843,1345.0,0.1382513404146053,79714.3333,0.0048750620001243306,0
IL,1976Q4,1976-10-01,73.21,-0.0061278873583683335,58.1333,-0.001393439525265272,4.8733,-0.40999999999999925,7.19,-0.54,1691.3333,0.08275625994880187,1489.0,0.10171074064806973,80199.6667,0.006069948724258367,0
IL,1977Q1,1977-01-01,80.5,0.09492516076596669,59.2,0.0037448667864357077,4.66,-0.21330000000000027,7.3533,0.16329999999999956,1844.3333,0.08660070437382128,1562.0,0.047862297715622226,81023.0,0.010213705979891685,0
IL,1977Q2,1977-04-01,84.01,0.04267865495223777,60.2333,-0.0008790788413230999,5.1567,0.4966999999999997,7.37,0.01670000000000016,1918.6667,0.039512660555702794,1693.3333,0.08073190181974699,82101.3333,0.01322119129442001,0
IL,1977Q3,1977-07-01,83.43,-0.006927882462772317,61.0667,-0.0035624597397170277,5.82,0.6633000000000004,7.3567,-0.01330000000000009,2009.0,0.0460065681026105,1713.6667,0.011936390619484705,83147.0,0.012655869335640446,0
IL,1977Q4,1977-10-01,88.89,0.06339169333960015,61.9667,0.0008890806626480341,6.5133,0.6932999999999998,7.5967,0.2400000000000002,2075.3333,0.03248468145683159,1761.0,0.027246485657342667,84127.6667,0.011725361106103449,0
IL,1978Q1,1978-01-01,91.0,0.02345985626326641,63.0333,0.00243557963321539,6.7567,0.24340000000000028,8.01,0.41329999999999956,1829.3333,-0.12617018375572986,1758.3333,-0.0015154577773941469,85000.6667,0.010323613269429543,0
IL,1978Q2,1978-04-01,98.39,0.07807966636082408,64.4667,0.005419639045925351,7.2833,0.5265999999999993,8.32,0.3100000000000005,2114.0,0.14463030391414655,1899.0,0.07696106009347403,86540.3333,0.017951486198549915,0
IL,1978Q3,1978-07-01,99.69,0.013126198156938607,65.9667,0.0005156045933603082,8.1,0.8167,8.49,0.16999999999999993,2019.3333,-0.045814480018208315,1742.6667,-0.08591090560850922,87436.0,0.010296510980237983,0
IL,1978Q4,1978-10-01,102.09,0.023789406146311975,67.5,-2.372919946846963e-05,9.5833,1.4832999999999998,8.82,0.33000000000000007,2039.6667,0.010019004724995284,1798.0,0.031258409827788824,88339.3333,0.010278361994558338,0
IL,1979Q1,1979-01-01,97.8,-0.042930200140152586,69.2,0.0018957361126483718,10.0733,0.4900000000000002,9.1067,0.28669999999999973,1665.6667,-0.20256094844886796,1557.6667,-0.1434859395997199,89114.0,0.008730989795115107,0
IL,1979Q2,1979-04-01,102.64,0.048303143266609005,71.4,0.006423741976774977,10.18,0.10670000000000002,9.1133,0.006600000000000605,1845.6667,0.10261510352707681,1640.3333,0.051710456444950204,89771.3333,0.007349247101450018,0
IL,1979Q3,1979-07-01,101.33,-0.012845202847154624,73.7,0.00040792312783732854,10.9467,0.7667000000000002,9.1033,-0.009999999999999787,1790.0,-0.03062494738037813,1587.6667,-0.032633998748874404,90281.3333,0.005665024279407405,0
IL,1979Q4,1979-10-01,99.49,-0.01832538085895763,76.0333,-0.0005363268271159072,13.5767,2.630000000000001,10.4467,1.343399999999999,1567.6667,-0.1326272842948395,1337.0,-0.17183715602597793,90575.3333,0.0032511962594341526,0
IL,1980Q1,1980-01-01,100.0,0.005113049386823221,79.0333,0.00752927739962761,15.0467,1.4699999999999989,11.9867,1.540000000000001,1246.0,-0.22964991519256284,1155.6667,-0.14575089124164986,90892.3333,0.003493738894499998,0
IL,1980Q2,1980-04-01,100.96,0.009554212804810724,81.7,-0.005513161196498473,12.6867,-2.3599999999999994,10.4767,-1.5100000000000016,1058.0,-0.16355808692915375,929.0,-0.2183239470464553,90456.6667,-0.004804740452195588,0
IL,1980Q3,1980-07-01,102.53,0.015431039889097775,83.2333,-0.014591212954761623,9.8367,-2.8499999999999996,10.9533,0.47660000000000124,1392.0,0.27436122847612054,1370.0,0.3884572800083328,90050.6667,-0.0044984397808374155,0
IL,1980Q4,1980-10-01,95.52,-0.07081978903770825,85.5667,0.00905517436074188,15.8533,6.0166,12.4233,1.4699999999999989,1505.0,0.0780513362886106,1332.6667,-0.027628767417429145,90726.6667,0.00747884857227632,0
IL,1981Q1,1981-01-01,101.7,0.06269165341022198,87.9333,-0.0003662968604762895,16.57,0.7166999999999994,12.96,0.5367000000000015,1366.3333,-0.09666216974294262,1201.0,-0.10402742932475828,91116.0,0.0042820961876319785,0
IL,1981Q2,1981-04-01,106.75,0.04846234905421998,89.7667,-0.00664687382878526,17.78,1.2100000000000009,13.75,0.7899999999999991,1181.6667,-0.14520482893317066,1113.0,-0.07609547080443857,91356.3333,0.0026341904509621372,0
IL,1981Q3,1981-07-01,103.09,-0.034887259000440984,92.2667,0.006833703922071166,17.5767,-0.20330000000000226,14.8467,1.0967000000000002,964.0,-0.20358988389631705,890.3333,-0.22321846427285585,91547.6667,0.002092173706337519,0
IL,1981Q4,1981-10-01,104.37,0.012339884723667538,93.7667,-0.01134272789157631,13.5867,-3.9899999999999984,14.0867,-0.7599999999999998,873.3333,-0.09877402469145213,758.3333,-0.1604728882417925,91148.6667,-0.004367910695734167,0
IL,1982Q1,1982-01-01,95.0,-0.0940653862314198,94.6,-0.007278792235141829,14.2267,0.6399999999999988,14.2933,0.2065999999999999,880.0,0.007604637553158433,831.0,0.09150679609455192,90520.6667,-0.006913687519293887,0
IL,1982Q2,1982-04-01,94.69,-0.00326849360513215,95.9667,0.005496086497117858,14.5133,0.28659999999999997,13.93,-0.3633000000000006,948.0,0.07443259478276953,918.0,0.09956759576504215,90040.6667,-0.005316765463355466,0
IL,1982Q3,1982-07-01,86.7,-0.08815451420891218,97.6333,0.0028735872243261795,11.0067,-3.506599999999999,13.1167,-0.8132999999999999,1118.6667,0.16553830646134315,1004.0,0.08954990963118359,89355.6667,-0.007636759527017034,0
IL,1982Q4,1982-10-01,102.69,0.16926085742370756,97.9333,-0.014149356507337174,9.2867,-1.7200000000000006,10.6667,-2.4499999999999993,1282.6667,0.13680374038864862,1243.0,0.2135357912590372,88821.3333,-0.005997799960981709,0
IL,1983Q1,1983-01-01,100.93,-0.017287533959435386,98.0,-0.002387166985384326,8.6533,-0.6334,10.5633,-0.1034000000000006,1630.3333,0.23984320232051726,1457.3333,0.15908044624478102,88999.0,0.0019982727039451476,0
IL,1983Q2,1983-04-01,104.44,0.03418553658015977,99.1333,0.010817086473278614,8.8033,0.15000000000000036,10.5433,-0.019999999999999574,1660.3333,0.01823389290335342,1668.0,0.1350170451631998,89676.3333,0.007581757728788219,0
IL,1983Q3,1983-07-01,105.71,0.012086751949643038,100.1,-0.0017936532290745433,9.46,0.6567000000000007,11.6267,1.0833999999999993,1801.6667,0.08169381557770272,1697.6667,0.017629474932594924,90604.3333,0.01029514938074172,0
IL,1983Q4,1983-10-01,106.84,0.010632892461188703,101.1,0.00023616249448732418,9.43,-0.030000000000001137,11.6867,0.0600000000000005,1729.3333,-0.04097622241361254,1670.3333,-0.01623159151576914,91875.0,0.013926916709511517,0
IL,1984Q1,1984-01-01,107.55,0.006623467471978728,102.5333,0.004137058134120686,9.6867,0.2567000000000004,11.9433,0.2566000000000006,1940.0,0.11495201456440007,1842.6667,0.09819062853360272,93086.3333,0.013098420056078197,0
IL,1984Q2,1984-04-01,110.25,0.02479465861321639,103.5,-0.004693508999745966,10.5567,0.8699999999999992,13.2,1.2566999999999986,1822.6667,-0.06238732459342167,1777.0,-0.0362872667144698,94123.0,0.011075059965255818,0
IL,1984Q3,1984-07-01,110.95,0.006329135051648116,104.4,-0.0007259260965106762,11.39,0.8333000000000013,12.8667,-0.3332999999999995,1672.0,-0.08628013381930533,1552.6667,-0.13495264491003311,95055.0,0.009853233889254298,0
IL,1984Q4,1984-10-01,112.55,0.014317917974137728,105.3,-7.431905172428088e-05,9.2667,-2.1233000000000004,11.7433,-1.1234000000000002,1630.3333,-0.025236042219116683,1586.3333,0.021451348195564712,95906.0,0.008912873660738896,0
IL,1985Q1,1985-01-01,113.31,0.00672985803973436,106.2667,0.0005548090928666483,8.4767,-0.7900000000000009,11.5833,-0.16000000000000014,1714.3333,0.050239786237371575,1683.0,0.059152662750623364,96572.3333,0.006923750330562584,0
IL,1985Q2,1985-04-01,114.77,0.012802700300101222,107.2333,-8.368998023833285e-05,7.9233,-0.553399999999999,10.8133,-0.7699999999999996,1725.6667,0.0065892098870961036,1696.3333,0.00789112407969128,97269.6667,0.007194894895917514,0
IL,1985Q3,1985-07-01,116.18,0.012210586871809426,107.9,-0.002856825268136909,7.9,-0.023299999999999876,10.3367,-0.47659999999999947,1701.0,-0.01439715515413642,1807.0,0.06319897232173144,97844.3333,0.005890589723932749,0
IL,1985Q4,1985-10-01,118.09,0.0163063330488038,109.0,0.003944972429172466,8.1033,0.20330000000000048,9.76,-0.5767000000000007,1824.6667,0.0701810268048293,1743.0,-0.03606024507220784,98428.3333,0.005950922597339314,0
IL,1986Q1,1986-01-01,119.88,0.015044196835272139,109.5667,-0.004957395963400835,7.8267,-0.27660000000000107,8.5567,-1.2033000000000005,1898.6667,0.03975456277919065,1798.0,0.031067169511544535,98837.6667,0.004150071350347062,0
IL,1986Q2,1986-04-01,122.57,0.022191052904611652,109.0333,-0.010065770073175884,6.92,-0.9066999999999998,7.6033,-0.9533999999999994,1878.0,-0.010944522211673302,1815.0,0.009410531667385591,99174.6667,0.0034038316663291823,0
IL,1986Q3,1986-07-01,125.25,0.021629444611900084,109.7,0.01097618319343141,6.2067,-0.7133000000000003,7.3067,-0.29659999999999975,1758.6667,-0.06565141564535981,1730.6667,-0.04757875772273401,99665.0,0.004931956505972224,0
IL,1986Q4,1986-10-01,128.19,0.02320179835906977,110.4667,0.0008687236713633695,6.2667,0.0600000000000005,7.2633,-0.043400000000000105,1712.3333,-0.026699021790305366,1740.6667,0.005761490764498056,100312.6667,0.006477412955078421,0
IL,1987Q1,1987-01-01,130.61,0.018702245265385997,111.8,0.005032691853267934,6.22,-0.04670000000000041,7.1933,-0.07000000000000028,1761.3333,0.028214135716505773,1694.3333,-0.026978870635343988,100920.3333,0.006039451253530004,0
IL,1987Q2,1987-04-01,135.39,0.03594371891758996,113.0667,-0.0007310933066237979,6.65,0.4300000000000006,8.3433,1.1499999999999995,1612.0,-0.08859543498247557,1541.0,-0.09485777378525562,101709.0,0.007784368330895575,0
IL,1987Q3,1987-07-01,138.56,0.02314394230710537,114.2667,-0.0007090696300746657,6.8433,0.1932999999999998,8.8767,0.5334000000000003,1625.0,0.008032171697264445,1513.6667,-0.017896570868693118,102438.0,0.007141942802919132,0
IL,1987Q4,1987-10-01,140.49,0.013832867049435649,115.3333,-0.0012662721083689377,6.9167,0.07339999999999947,9.1233,0.24660000000000082,1523.6667,-0.06438808322315204,1416.3333,-0.06646363653967047,103390.3333,0.009253731792281172,0
IL,1988Q1,1988-01-01,143.52,0.021338086446925253,116.2333,-0.0015178267397164547,6.6633,-0.25340000000000007,8.4167,-0.7065999999999999,1425.3333,-0.06671405145020248,1402.3333,-0.009933856759248627,104152.0,0.007339901285662975,0
IL,1988Q2,1988-04-01,148.07,0.03121073661014151,117.5667,0.003633273005188009,7.1567,0.4934000000000003,8.91,0.4932999999999996,1490.6667,0.04481778843770101,1452.6667,0.035263478630257694,105006.6667,0.008172469927822945,0
IL,1988Q3,1988-07-01,151.33,0.021777747778307877,119.0,0.0007112071436514711,7.9833,0.8266,9.1,0.1899999999999995,1484.0,-0.004482324800858528,1445.0,-0.0052916492362280465,105745.6667,0.007012999731744074,0
IL,1988Q4,1988-10-01,152.66,0.00875034367138916,120.3,-0.0012525311414925966,8.47,0.4867000000000008,8.9567,-0.14329999999999998,1551.3333,0.04437360997990858,1508.3333,0.04289594481993664,106597.0,0.008018528491952281,0
IL,1989Q1,1989-01-01,155.72,0.019846296371930805,121.6667,0.0004315860372097191,9.4433,0.9733,9.2067,0.25,1489.3333,-0.040786184567632056,1354.3333,-0.107695962659208,107403.0,0.007532745898924276,0
IL,1989Q2,1989-04-01,158.62,0.018451881912918466,123.6333,0.0047378714196870675,9.7267,0.28339999999999854,8.7733,-0.4333999999999989,1355.6667,-0.09403520731233961,1359.6667,0.003930292457999585,107910.3333,0.0047125204103473095,0
IL,1989Q3,1989-07-01,162.21,0.022380387406849778,124.6,-0.008245907185595591,9.0833,-0.6433999999999997,8.1067,-0.6666000000000007,1346.0,-0.0071561316225894345,1310.3333,-0.036958063850330625,108186.0,0.0025513329663997553,0
IL,1989Q4,1989-10-01,164.12,0.011706075511962233,125.8667,0.0023261239399516853,8.6133,-0.46999999999999886,7.9067,-0.20000000000000018,1337.3333,-0.006459674716181141,1377.0,0.04962568741372397,108688.0,0.0046294244266587015,0
IL,1990Q1,1990-01-01,166.01,0.01145015993199916,128.0333,0.006952171820781672,8.25,-0.3633000000000006,8.4233,0.5165999999999995,1425.6667,0.06396200745118108,1441.0,0.04543009727086744,109424.0,0.006748851906793973,0
IL,1990Q2,1990-04-01,167.86,0.011082271148696421,129.3,-0.00722207645817452,8.2433,-0.006700000000000372,8.6767,0.25340000000000096,1212.3333,-0.1620927141159827,1103.6667,-0.2666993169180296,109784.0,0.003284554611592938,0
IL,1990Q3,1990-07-01,169.84,0.011726518740319491,131.5333,0.00727986627841215,8.16,-0.08329999999999949,8.7033,0.02660000000000018,1132.0,-0.068560870060562,1041.0,-0.05845621046652294,109648.0,-0.0012395641238640565,0
IL,1990Q4,1990-10-01,170.23,0.0022936464314780025,133.7667,-0.0002875794257013453,7.7433,-0.4167000000000005,8.3967,-0.3066000000000013,1042.6667,-0.0822044137967275,909.0,-0.1355919744374905,109255.6667,-0.003584533105373211,0
IL,1991Q1,1991-01-01,172.29,0.012028639717835965,134.7667,-0.009389288770869086,6.4267,-1.3165999999999993,8.0167,-0.379999999999999,894.6667,-0.1530855982851147,850.0,-0.06710874469311623,108787.0,-0.0042988597493067715,0
IL,1991Q2,1991-04-01,174.14,0.010680469856154673,135.5667,-0.0015292627179492868,5.8633,-0.5634000000000006,8.13,0.11330000000000062,1011.0,0.12224397233918527,957.0,0.1185670419685918,108311.0,-0.004385123425938886,0
IL,1991Q3,1991-07-01,175.34,0.006867372759970181,136.6,0.001674542203309315,5.6433,-0.21999999999999975,7.94,-0.1900000000000004,1042.3333,0.030521817789726846,963.6667,0.0069420964853890155,108308.3333,-2.4621071069930167e-05,0
IL,1991Q4,1991-10-01,177.74,0.013594862149889586,137.7333,0.0006690824169366394,4.8167,-0.8266,7.3467,-0.5933000000000002,1087.0,0.04195985031101124,1012.0,0.04893836190906775,108330.3333,0.00020310317101568387,0
IL,1992Q1,1992-01-01,178.91,0.006561077791402248,138.6667,-0.001508254013153909,4.0233,-0.7934000000000001,7.3033,-0.043400000000000105,1241.0,0.13249589808339746,1101.6667,0.08489564402745131,108348.0,0.00016306845054714358,0
IL,1992Q2,1992-04-01,180.5,0.0088478916712047,139.7333,0.0009083883973879381,3.77,-0.25329999999999986,7.3767,0.07339999999999947,1152.6667,-0.07383937871103186,1055.6667,-0.04265170442870936,108622.6667,0.002531833919299231,0
IL,1992Q3,1992-07-01,182.23,0.009538847725027999,140.8,-5.755587647016114e-05,3.2567,-0.5133000000000001,6.6167,-0.7599999999999998,1183.6667,0.026538865942484335,1092.6667,0.034448711695918455,108886.6667,0.002427483230370342,0
IL,1992Q4,1992-10-01,183.87,0.008959360667786243,142.0333,0.0011162554922270473,3.0367,-0.21999999999999975,6.7433,0.12659999999999982,1228.3333,0.03704121638222535,1142.0,0.04415988907388435,109308.0,0.0038619992876611775,0
IL,1993Q1,1993-01-01,185.01,0.0061808915057604,143.0667,-0.0014716754981103364,3.04,0.0032999999999998586,6.28,-0.4632999999999994,1167.6667,-0.0506507257419484,1127.0,-0.013221876176179315,109947.0,0.0058288459482476185,0
IL,1993Q2,1993-04-01,186.66,0.008878902466089578,144.1,-5.2870003525384845e-05,3.0,-0.040000000000000036,5.99,-0.29000000000000004,1266.0,0.08085483962778461,1115.3333,-0.010405951047548712,110537.6667,0.005357906487287067,0
IL,1993Q3,1993-07-01,188.61,0.010392610925479495,144.7667,-0.002580569802709931,3.06,0.06000000000000005,5.6167,-0.3733000000000004,1299.0,0.025732413966478518,1218.3333,0.08833049316375963,111234.0,0.006279752492302393,0
IL,1993Q4,1993-10-01,190.26,0.008710166715231615,145.9667,0.0036390542508861756,2.99,-0.06999999999999984,5.6067,-0.009999999999999787,1433.6667,0.09864055069543376,1368.3333,0.116109652701895,112015.3333,0.0069996759103094774,0
IL,1994Q1,1994-01-01,192.87,0.013624829043394016,146.7,-0.0032438607265552477,3.2133,0.2232999999999996,6.0667,0.45999999999999996,1391.0,-0.030212375442590478,1333.6667,-0.025661363675006044,112876.0,0.007654104666782402,0
IL,1994Q2,1994-04-01,195.58,0.013953116062423554,147.5333,0.0006530562151585428,3.94,0.7267000000000001,7.0833,1.0166000000000004,1466.6667,0.05296936204207192,1381.6667,0.035358457843861046,113916.6667,0.009177316172959138,0
IL,1994Q3,1994-07-01,197.28,0.008654536531905066,148.9,0.0035567988165539077,4.4867,0.5467,7.3333,0.25,1454.3333,-0.008444692430024325,1374.6667,-0.005079222309694487,114918.6667,0.008757444831235972,0
IL,1994Q4,1994-10-01,197.66,0.0019243435320035474,149.7667,-0.003417216392334943,5.1667,0.6799999999999997,7.8367,0.5034000000000001,1472.0,0.012074437753330614,1377.6667,0.0021799693220794225,115832.6667,0.007921989152466224,0
IL,1995Q1,1995-01-01,199.63,0.009917270236524445,150.8667,0.0015141052140750233,5.81,0.6433,7.4833,-0.3534000000000006,1324.0,-0.1059645627918675,1254.0,-0.0940528288462561,116702.3333,0.007479911882082746,0
IL,1995Q2,1995-04-01,202.45,0.014027289293608192,152.1,0.0008236182877654485,6.02,0.20999999999999996,6.62,-0.8632999999999997,1287.3333,-0.0280845880699232,1278.3333,0.01921867786476117,117134.3333,0.0036948909489780135,0
IL,1995Q3,1995-07-01,204.9,0.012029112766684058,152.8667,-0.0031134332429223477,5.7967,-0.22329999999999917,6.3233,-0.2967000000000004,1415.3333,0.09479218161648273,1387.0,0.08158602125720371,117633.6667,0.004253851913068374,0
IL,1995Q4,1995-10-01,206.72,0.008843165349382787,153.7,0.0004082501885553924,5.72,-0.07670000000000066,5.8933,-0.4299999999999997,1417.3333,0.0014120972318707459,1424.0,0.026326671657090017,118172.0,0.004565914320709297,0
IL,1996Q1,1996-01-01,208.96,0.010777625493829213,155.0667,0.003416345659204012,5.3633,-0.3567,5.91,0.01670000000000016,1460.6667,0.03011582703254767,1414.6667,-0.006575857343480429,118682.3333,0.004309265383668048,0
IL,1996Q2,1996-04-01,209.67,0.0033920200690813473,156.4,-0.00029121521960639996,5.2433,-0.1200000000000001,6.72,0.8099999999999996,1495.6667,0.023679085286547163,1449.6667,0.02443971229487918,119475.0,0.006656688803452937,0
IL,1996Q3,1996-07-01,210.61,0.0044732157962439345,157.3,-0.0028234992205051768,5.3067,0.06340000000000057,6.78,0.0600000000000005,1501.3333,0.003781519354451035,1418.3333,-0.021851218085718216,120205.6667,0.0060970204524330995,0
IL,1996Q4,1996-10-01,212.68,0.00978060668274594,158.6667,0.0029129836300674228,5.28,-0.026699999999999946,6.3433,-0.4367000000000001,1417.0,-0.05781161925824918,1393.6667,-0.017544262231424135,120918.3333,0.005911221406389444,0
IL,1997Q1,1997-01-01,214.03,0.006327503476334151,159.6333,-0.0025774313618391886,5.2767,-0.0033000000000003027,6.5633,0.21999999999999975,1432.6667,0.010995572110300778,1421.0,0.019422661490922977,121673.3333,0.006224471336761184,0
IL,1997Q2,1997-04-01,215.57,0.007169490672870538,160.0,-0.00377902885599557,5.5233,0.24659999999999993,6.6967,0.13339999999999996,1476.0,0.029798193359436453,1412.3333,-0.0061176897402566155,122555.0,0.007220051155632845,0
IL,1997Q3,1997-07-01,217.77,0.010153777179517043,160.8,0.002693036145784866,5.5333,0.009999999999999787,6.2433,-0.45340000000000025,1457.6667,-0.012498719548010406,1461.0,0.033877973393855676,123258.6667,0.005725219687899852,0
IL,1997Q4,1997-10-01,219.83,0.00941506040716611,161.6667,0.00038791019901385226,5.5067,-0.02659999999999929,5.9067,-0.3365999999999998,1532.0,0.049737064688128996,1474.6667,0.009310865387339717,124232.6667,0.007871023321367687,0
IL,1998Q1,1998-01-01,221.68,0.0083803801826976,162.0,-0.0033159249325889206,5.52,0.013299999999999201,5.5867,-0.3199999999999994,1558.6667,0.01725670500911214,1602.3333,0.08302888128481545,124996.0,0.006125584965582576,0
IL,1998Q2,1998-04-01,222.57,0.004006758314821113,162.5333,0.0012270418430011532,5.5,-0.019999999999999574,5.5967,0.009999999999999787,1572.3333,0.008729918106587853,1550.6667,-0.03277591195627938,125788.6667,0.006321513592599359,0
IL,1998Q3,1998-07-01,224.73,0.009658022758356921,163.3667,0.0018278948140482143,5.5333,0.03329999999999966,5.2033,-0.39340000000000064,1631.3333,0.036836961485087194,1613.6667,0.03982407546189837,126500.6667,0.005644328126528819,0
IL,1998Q4,1998-10-01,226.39,0.0073594941143131365,164.1333,-0.00043292816662976463,4.86,-0.6732999999999993,4.67,-0.5332999999999997,1722.3333,0.05428228536416135,1711.0,0.058568951963719584,127255.3333,0.005947988027214635,0
IL,1999Q1,1999-01-01,228.41,0.00888308391832826,164.7333,-0.0010326352839786779,4.7333,-0.12670000000000048,4.9833,0.3132999999999999,1709.3333,-0.007576529833868584,1705.6667,-0.003121934212511057,128016.6667,0.005964897500332356,0
IL,1999Q2,1999-04-01,231.12,0.011794796497437865,165.9667,0.003810463300492728,4.7467,0.013399999999999856,5.54,0.5567000000000002,1574.3333,-0.08227153037659285,1647.3333,-0.034798262033959304,128830.6667,0.006338416789947843,0
IL,1999Q3,1999-07-01,234.52,0.014603815938034614,167.2,-5.582845734686259e-05,5.0933,0.34660000000000046,5.8833,0.34330000000000016,1650.6667,0.04734738583515963,1634.6667,-0.007718868306268334,129588.3333,0.005863878205810025,0
IL,1999Q4,1999-10-01,236.84,0.009843935567560358,168.4333,-5.4409750155137715e-05,5.3067,0.21340000000000003,6.14,0.2566999999999995,1654.6667,0.0024203319112494626,1668.0,0.020186373579237582,130475.6667,0.006823988274847537,0
IL,2000Q1,2000-01-01,241.52,0.019567477735008332,170.1,0.002497548597422572,5.6767,0.3700000000000001,6.48,0.34000000000000075,1659.0,0.002615412389011418,1690.0,0.013103224998427088,131245.0,0.005879058200426002,0
IL,2000Q2,2000-04-01,245.65,0.016955473216073713,171.4333,-0.0020389034024361763,6.2733,0.5965999999999996,6.1767,-0.3033000000000001,1586.6667,-0.04457961062468474,1570.6667,-0.07322835003139616,132017.3333,0.0058674213363811845,0
IL,2000Q3,2000-07-01,249.75,0.016552658914005924,173.0,0.0012895545521987017,6.52,0.2466999999999997,5.8933,-0.2834000000000003,1503.6667,-0.05372880865743923,1554.6667,-0.0102389970826815,132266.3333,0.001884339481748043,0
IL,2000Q4,2000-10-01,252.57,0.011228020489019386,174.2333,-0.0019937135854419807,6.4733,-0.04669999999999952,5.5667,-0.3266,1544.0,0.026469859676401697,1578.0,0.014897040602777523,132541.3333,0.0020769798880060364,0
IL,2001Q1,2001-01-01,255.88,0.013020146564254098,175.9,0.0024168347684545566,5.5933,-0.8799999999999999,5.05,-0.5167000000000002,1605.0,0.03874730497939449,1671.3333,0.05746346870015362,132747.3333,0.0015530255705549223,0
IL,2001Q2,2001-04-01,260.31,0.01716464389157135,177.1333,-0.002533541275180795,4.3267,-1.2666000000000004,5.27,0.21999999999999975,1630.0,0.015456258236691944,1652.3333,-0.011433280927001022,132388.6667,-0.002705530888174934,0
IL,2001Q3,2001-07-01,265.14,0.018384759897196012,177.6333,-0.004168148225196511,3.4967,-0.8299999999999996,4.98,-0.28999999999999915,1599.6667,-0.018784719772997782,1592.6667,-0.03677862903206819,131985.3333,-0.003051235847101097,0
IL,2001Q4,2001-10-01,267.61,0.00927270839293115,177.5,-0.00356946057338714,2.1333,-1.3634,4.77,-0.21000000000000085,1570.0,-0.01871967568545685,1632.3333,0.02460068246663827,131193.0,-0.006021283621315376,0
IL,2002Q1,2002-01-01,272.22,0.017079866140292665,178.0667,0.003938294354740357,1.7333,-0.40000000000000013,5.0767,0.3067000000000002,1723.0,0.09299133818557603,1714.3333,0.0490137950493601,130772.6667,-0.0032090744257935455,0
IL,2002Q2,2002-04-01,277.07,0.017659618939455335,179.4667,0.004643885906293832,1.75,0.016699999999999937,5.1,0.023299999999999876,1691.0,-0.01874688762934973,1714.3333,0.0,130640.6667,-0.0010098950156969266,0
IL,2002Q3,2002-07-01,280.63,0.012766893866345441,180.4333,-0.0024599711979007566,1.74,-0.010000000000000009,4.26,-0.8399999999999999,1697.3333,0.003738302471958832,1745.3333,0.017921281600230543,130555.6667,-0.0006508514257781428,0
IL,2002Q4,2002-10-01,283.83,0.011338391674733828,181.5,0.0005229683140761665,1.4433,-0.29669999999999996,4.0067,-0.2532999999999994,1729.6667,0.018870358600627135,1822.0,0.04298925855677105,130566.0,7.914548138465705e-05,0
IL,2003Q1,2003-01-01,286.8,0.01040964134100264,183.3667,0.004337845982972155,1.25,-0.19330000000000003,3.92,-0.08670000000000044,1736.0,0.0036548852491300465,1806.3333,-0.008635809375488357,130416.3333,-0.0011469490253581682,0
IL,2003Q2,2003-04-01,289.74,0.010198860388040742,183.0667,-0.011869724983207597,1.2467,-0.0033000000000000806,3.62,-0.2999999999999998,1753.6667,0.010125236850194952,1837.6667,0.017197679616102413,130185.3333,-0.0017728210530236765,0
IL,2003Q3,2003-07-01,293.82,0.013983365828774907,184.4333,0.009074718883136157,1.0167,-0.22999999999999998,4.2333,0.6132999999999997,1889.6667,0.07469161122549828,1937.3333,0.052815770755764824,130196.3333,8.449135570920419e-05,0
IL,2003Q4,2003-10-01,302.98,0.030699461787897064,185.1333,-0.003649087541439222,0.9967,-0.019999999999999907,4.2867,0.05339999999999989,2035.6667,0.07442291763368747,1972.3333,0.017904818291845537,130502.6667,0.002350093717186752,0
IL,2004Q1,2004-01-01,306.31,0.010930864306608612,186.7,0.0046387187415168896,1.0033,0.00660000000000005,4.02,-0.26670000000000016,1918.3333,-0.059366645817998,1994.6667,0.011259710589305527,130905.6667,0.0030833012400695026,0
IL,2004Q2,2004-04-01,313.29,0.022531618122780372,188.1667,-0.0006017228716839185,1.01,0.006699999999999928,4.6,0.5800000000000001,1937.3333,0.009855703704603869,2080.0,0.041890924997930234,131634.3333,0.005550913925581824,0
IL,2004Q3,2004-07-01,323.59,0.032348003198704234,189.3667,-0.0014681466710397828,1.4333,0.4233,4.3033,-0.2966999999999995,1977.0,0.02026810435433468,2069.6667,-0.004980313892927413,131960.6667,0.0024760224338145065,0
IL,2004Q4,2004-10-01,328.2,0.014145896297719673,191.4,0.004323057247757056,1.95,0.5166999999999999,4.1733,-0.1299999999999999,1965.3333,-0.0059186949302061365,2086.0,0.007860776758281673,132520.6667,0.004234709721576024,0
IL,2005Q1,2005-01-01,334.99,0.020477501977264723,192.3667,-0.00564216478841395,2.47,0.5200000000000002,4.2967,0.12340000000000018,2071.6667,0.052691603126395314,2105.0,0.009067110555763591,132989.6667,0.003532822860689677,0
IL,2005Q2,2005-04-01,342.82,0.023104847445655885,193.6667,0.001697226661699247,2.9433,0.4732999999999996,4.16,-0.13670000000000027,2051.3333,-0.009863480402523273,2137.6667,0.015399439957597849,133719.0,0.005469151992585353,0
IL,2005Q3,2005-07-01,349.97,0.02064190844515501,196.6,0.00829737344040371,3.46,0.5167000000000002,4.2133,0.053300000000000125,2100.0,0.0234473727472313,2228.3333,0.041538999834990875,134451.3333,0.0054617161523182745,0
IL,2005Q4,2005-10-01,356.33,0.018009831252165043,198.4333,-0.005750751616615091,3.98,0.52,4.49,0.27669999999999995,2068.6667,-0.01503305125786003,2169.3333,-0.026834021603955982,134932.3333,0.0035711186000924044,0
IL,2006Q1,2006-01-01,360.99,0.012992989341949368,199.4667,-0.004087534199871179,4.4567,0.4766999999999997,4.57,0.08000000000000007,2120.3333,0.02466899983624149,2157.0,-0.0057015179159582985,135732.6667,0.005913847246914017,0
IL,2006Q2,2006-04-01,363.84,0.007863953443990823,201.2667,0.003789307522172436,4.9067,0.4500000000000002,5.07,0.5,1855.0,-0.13368859724836035,1923.3333,-0.11465859288614322,136265.3333,0.003916699982713823,0
IL,2006Q3,2006-07-01,366.6,0.007557124843433627,203.1667,0.0004123409818168611,5.2467,0.33999999999999986,4.8967,-0.17330000000000023,1702.3333,-0.08588485664296908,1713.3333,-0.11561900317716489,136682.3333,0.003055533169638025,0
IL,2006Q4,2006-10-01,370.76,0.011283617602027007,202.3333,-0.013506416775125096,5.2467,0.0,4.63,-0.26670000000000016,1570.0,-0.0809242200562128,1581.0,-0.08038321311637553,137050.6667,0.002691189022183238,0
IL,2007Q1,2007-01-01,372.98,0.005969845895668513,204.317,0.01386685835465773,5.2567,0.010000000000000675,4.68,0.04999999999999982,1461.3333,-0.07172638119283103,1606.6667,0.016104101913951396,137605.3333,0.004038996810887596,0
IL,2007Q2,2007-04-01,371.74,-0.003330113723094108,206.631,0.0015055128268333107,5.25,-0.006700000000000372,4.8467,0.16670000000000051,1451.0,-0.0070962642653347174,1456.6667,-0.09801091681860274,137969.6667,0.002644170278681912,0
IL,2007Q3,2007-07-01,368.7,-0.00821137994010801,207.939,-0.004951710879503857,5.0733,-0.1767000000000003,4.73,-0.1166999999999998,1289.0,-0.1183862499450008,1314.3333,-0.10282120245670345,138052.0,0.0005965713012763274,0
IL,2007Q4,2007-10-01,369.89,0.0032223588992721375,210.4897,0.005881779723557301,4.4967,-0.5766,4.26,-0.47000000000000064,1166.0,-0.10028763602874946,1188.3333,-0.10077780371832201,138286.6667,0.0016983997151864827,0
IL,2008Q1,2008-01-01,368.3,-0.0043078406883507725,212.7697,-0.0014183140476200506,3.1767,-1.3199999999999998,3.6633,-0.5966999999999998,1064.0,-0.09154369700884768,1025.0,-0.14785912455728667,138326.3333,0.00028680214069432,0
IL,2008Q2,2008-04-01,360.81,-0.020546319460384765,215.5377,0.0021518368246313813,2.0867,-1.0899999999999999,3.8867,0.22339999999999982,1010.6667,-0.05142517882590791,1061.0,0.03451924704147391,137863.6667,-0.0033503532552288107,0
IL,2008Q3,2008-07-01,348.57,-0.034512433127755315,218.861,0.0023755127450408864,1.94,-0.14670000000000005,3.8633,-0.023399999999999643,862.3333,-0.15872363621257612,858.6667,-0.21158630123797373,137156.0,-0.005146310228218098,0
IL,2008Q4,2008-10-01,347.4,-0.0033622170558755826,213.8487,-0.038469058355938834,0.5067,-1.4333,3.2533,-0.6100000000000003,663.0,-0.2628668646772434,638.6667,-0.29599811532124765,135559.6667,-0.01170707610223154,0
IL,2009Q1,2009-01-01,345.92,-0.004269319356160928,212.3777,0.01626560712872216,0.1833,-0.3234,2.7367,-0.5166,525.6667,-0.2321076284793948,538.6667,-0.17028570976064472,133297.0,-0.016832166740949006,0
IL,2009Q2,2009-04-01,336.01,-0.029066613025753973,213.507,0.012205788099366899,0.18,-0.0032999999999999974,3.3133,0.5766,534.3333,0.016352439851941902,559.3333,0.03764852647016781,131432.0,-0.01409011370096458,0
IL,2009Q3,2009-07-01,325.49,-0.03180918221460072,215.344,0.0032638047305484363,0.1567,-0.023299999999999987,3.5167,0.20340000000000025,588.3333,0.0962738224836528,606.6667,0.0812340075835003,130460.0,-0.007422941236086444,0
IL,2009Q4,2009-10-01,322.25,-0.010004097391191458,217.03,-0.000768287133378287,0.12,-0.03670000000000001,3.46,-0.056700000000000195,567.6667,-0.035759173327579497,623.3333,0.027101821356800393,129975.3333,-0.0037219777621615435,0
IL,2010Q1,2010-01-01,316.95,-0.016583609089122042,217.374,-0.006215063855589342,0.1333,0.013300000000000006,3.7167,0.25669999999999993,618.0,0.08495400674320752,657.6667,0.05361690033415645,129791.3333,-0.0014166562105994984,0
IL,2010Q2,2010-04-01,313.27,-0.011678594224358463,217.2973,-0.0019366898381862896,0.1933,0.06,3.49,-0.22669999999999968,602.0,-0.02623101214886958,599.6667,-0.09232426716988318,130424.0,0.0048626492421650624,0
IL,2010Q3,2010-07-01,316.47,0.010163011856010762,217.9343,0.003280089605024905,0.1867,-0.006599999999999995,2.7867,-0.7033,579.6667,-0.03780416211833604,574.0,-0.04374460454929174,130390.3333,-0.00025816602761885576,0
IL,2010Q4,2010-10-01,314.31,-0.006848690328844498,219.699,0.005137607246683551,0.1867,0.0,2.8633,0.0766,542.3333,-0.06657252610237308,583.3333,0.016129324787024224,130733.0,0.0026245597616192384,0
IL,2011Q1,2011-01-01,303.52,-0.03493225384627863,222.0437,0.0025509951290105803,0.1567,-0.03,3.46,0.5966999999999998,582.3333,0.07116220713684918,567.0,-0.02839941737883933,131059.0,0.0024905281178000394,0
IL,2011Q2,2011-04-01,297.24,-0.020907612897436145,224.5683,0.0006899015632813033,0.0933,-0.06340000000000001,3.21,-0.25,574.3333,-0.013833074403447831,611.6667,0.07582822258872035,131743.6667,0.005210512188654093,0
IL,2011Q3,2011-07-01,299.38,0.0071737761978214465,226.0327,-0.004805896659700437,0.0833,-0.009999999999999995,2.4267,-0.7833000000000001,619.3333,0.07543368706284603,626.0,0.02316284478362629,132153.6667,0.003107271487751362,0
IL,2011Q4,2011-10-01,299.33,-0.00016702577246530126,227.0473,-0.0020210997837715183,0.0733,-0.009999999999999995,2.0467,-0.3799999999999999,671.6667,0.08111865845610478,691.3333,0.09927168080525561,132710.3333,0.004203420771665023,0
IL,2012Q1,2012-01-01,295.43,-0.013114721563367127,228.326,0.0011373797223193094,0.1033,0.03,2.0367,-0.009999999999999787,707.3333,0.051739748040000144,752.0,0.08411427204448607,133501.0,0.005940160511729076,0
IL,2012Q2,2012-04-01,291.64,-0.012911757213027286,228.808,-0.003507274831300755,0.1533,0.04999999999999999,1.8233,-0.21340000000000026,739.3333,0.04424685077607471,774.0,0.028835549639887326,133923.3333,0.0031585282154296124,0
IL,2012Q3,2012-07-01,295.02,0.011522985713672718,229.841,0.002395749945685033,0.1433,-0.009999999999999981,1.6433,-0.17999999999999994,780.3333,0.05397230194947422,873.0,0.12036368224987459,134337.6667,0.0030890344065568343,0
IL,2012Q4,2012-10-01,295.08,0.00020335536419846534,231.3693,0.002122828158626966,0.16,0.016699999999999993,1.7067,0.06340000000000012,908.0,0.15152324249528082,915.0,0.046988509435919035,134856.0,0.0038510114070664514,0
IL,2013Q1,2013-01-01,293.14,-0.006596195416946671,232.2993,-0.002615878574562025,0.1433,-0.016699999999999993,1.95,0.24329999999999985,953.3333,0.04872020157945922,952.0,0.03964096951584395,135497.3333,0.004744417205282403,0
IL,2013Q2,2013-04-01,294.93,0.006087729447788348,232.045,-0.005106799221393565,0.1167,-0.026600000000000013,1.9967,0.046699999999999964,868.0,-0.09377286552040243,985.6667,0.03475323021106114,136082.6667,0.004310584773152826,0
IL,2013Q3,2013-07-01,295.52,0.0019984764039868708,233.3,0.006489168705049231,0.0833,-0.0334,2.71,0.7133,882.3333,0.01637816112002266,988.3333,0.0027017240344768823,136619.3333,0.003935924876344643,0
IL,2013Q4,2013-10-01,296.49,0.0032769746052725424,234.1627,-0.0017028667855587543,0.0867,0.0034000000000000002,2.7467,0.03670000000000018,1009.0,0.13414514457323534,1026.0,0.03740303669381184,137243.3333,0.004557036470934861,0
IL,2014Q1,2014-01-01,297.18,0.0023245247719989592,235.621,0.00251741516916848,0.0733,-0.013399999999999995,2.7633,0.016599999999999948,934.0,-0.07723858212476564,1027.3333,0.0012986690347727148,137752.6667,0.003704301025585721,0
IL,2014Q2,2014-04-01,302.77,0.018635425529585525,236.8723,-0.0009118136123378306,0.0933,0.01999999999999999,2.6233,-0.14000000000000012,987.0,0.05519360120463901,1039.3333,0.011613034112283316,138553.3333,0.005795522652929819,0
IL,2014Q3,2014-07-01,307.03,0.01397202132484221,237.4783,-0.0027415218995301416,0.09,-0.0032999999999999974,2.4967,-0.12659999999999982,1030.6667,0.04329111394724716,1066.6667,0.025959102491937003,139301.3333,0.005384122686288961,0
IL,2014Q4,2014-10-01,308.16,0.0036736659271321415,236.8883,-0.005042602386027717,0.1,0.010000000000000009,2.28,-0.21670000000000034,1049.3333,0.01794913572225365,1075.0,0.007782109192055131,140083.6667,0.005600411223202428,0
IL,2015Q1,2015-01-01,311.65,0.01126163464509844,235.355,-0.004006180580342189,0.11,0.009999999999999995,1.9667,-0.3132999999999999,977.0,-0.07142363706020038,1082.6667,0.00710650283987313,140772.6667,0.00490643293569093,0
IL,2015Q2,2015-04-01,314.36,0.008658062743115202,236.96,0.013290047385601689,0.1233,0.013300000000000006,2.1667,0.20000000000000018,1158.0,0.1699630060901578,1272.3333,0.16142529447689835,141481.0,0.005019136121720891,0
IL,2015Q3,2015-07-01,315.39,0.003271142257874615,237.855,-0.0030264441535337028,0.1367,0.013399999999999981,2.22,0.053300000000000125,1166.6667,0.007456329247883531,1149.6667,-0.10138038461589272,142130.3333,0.004579044335265792,0
IL,2015Q4,2015-10-01,316.81,0.004492256842802078,237.837,-0.003845573011195924,0.16,0.023300000000000015,2.19,-0.03000000000000025,1125.3333,-0.03607144995393874,1205.0,0.04700749266211357,142821.3333,0.004849954820219438,0
IL,2016Q1,2016-01-01,318.2,0.004377890805034923,237.6893,-0.0005455272390388899,0.36,0.19999999999999998,1.92,-0.27,1142.6667,0.015285482794204164,1153.6667,-0.043534262064137685,143426.0,0.004224791144169515,0
IL,2016Q2,2016-04-01,322.4,0.013112894728786628,239.5903,0.008587229113127037,0.3733,0.013300000000000034,1.7533,-0.16669999999999985,1171.3333,0.0247779314002452,1191.0,0.03184798549468226,143967.0,0.0037648838978459054,0
IL,2016Q3,2016-07-01,327.18,0.014717467533552409,240.6073,-0.003730260039663591,0.3967,0.023399999999999976,1.5633,-0.19000000000000017,1159.3333,-0.010297574127372755,1234.0,0.03546763511003359,144716.0,0.005189094478540213,0
IL,2016Q4,2016-10-01,327.96,0.0023811715619519447,242.1347,0.0020922763678568046,0.45,0.053300000000000014,2.13,0.5667,1235.0,0.06322587156811643,1244.0,0.008071068833791273,145218.6667,0.003467451542519484,0
IL,2017Q1,2017-01-01,326.44,-0.004645485126935078,243.8387,0.0006847192618311126,0.7,0.24999999999999994,2.4433,0.3132999999999999,1217.0,-0.014682156074551145,1269.6667,0.020422430764979183,145814.6667,0.00409575649775995,0
IL,2017Q2,2017-04-01,330.77,0.013177105197765826,244.12,-0.005859791686013693,0.95,0.25,2.2633,-0.17999999999999972,1184.0,-0.027490277543575914,1270.6667,0.0007872982748269308,146379.3333,0.0038650164132896236,0
IL,2017Q3,2017-07-01,334.65,0.011661939747843242,245.287,0.003616079295716723,1.1533,0.20330000000000004,2.2433,-0.020000000000000018,1182.0,-0.0016906174779069971,1282.6667,0.009399546766082345,146899.6667,0.0035483887081060317,0
IL,2017Q4,2017-10-01,335.25,0.0017913126151363201,247.2383,0.0031546494755501087,1.2033,0.050000000000000044,2.37,0.12670000000000003,1235.6667,0.04440274349256956,1322.0,0.030204471306618075,147348.0,0.003047321679519044,0
IL,2018Q1,2018-01-01,336.91,0.004939310208543546,249.3217,0.0004676862781423097,1.4467,0.24340000000000006,2.76,0.3899999999999997,1298.0,0.04921395580542143,1341.0,0.014269862870047056,147998.0,0.004401624192917453,0
IL,2018Q2,2018-04-01,339.08,0.006420235369874128,250.679,-0.0029621758713087587,1.7367,0.2899999999999998,2.92,0.16000000000000014,1275.0,-0.017878439671508595,1353.6667,0.009401380360985812,148707.3333,0.004781408163449186,0
IL,2018Q3,2018-07-01,340.26,0.003473963513786593,251.6863,-0.0014189711510859127,1.9233,0.1866000000000001,2.9267,0.006699999999999928,1248.6667,-0.02086983656146124,1307.0,-0.035082550018442404,149218.3333,0.0034303892439613293,0
IL,2018Q4,2018-10-01,339.58,-0.002000471366126355,252.711,5.283795693422633e-05,2.22,0.2967000000000002,3.0333,0.10660000000000025,1165.6667,-0.06878314403985986,1309.6667,0.0020382427178970985,149651.0,0.002895358968281414,0
IL,2019Q1,2019-01-01,342.6,0.00885402600215457,253.3857,-0.0013967820881735094,2.4033,0.18330000000000002,2.6533,-0.3799999999999999,1179.3333,0.011656080795859225,1278.3333,-0.024215557284491318,150140.6667,0.0032667161221926477,0
IL,2019Q2,2019-04-01,347.67,0.014690168124388947,255.2473,0.0046537548942557905,2.3967,-0.006600000000000161,2.3333,-0.3200000000000003,1269.3333,0.0735425231955773,1322.6667,0.0340928058806389,150682.3333,0.003601235180829221,0
IL,2019Q3,2019-07-01,350.98,0.009475487771052116,256.0893,-0.004026712692899004,2.19,-0.2067000000000001,1.7967,-0.5366,1308.6667,0.03051703065687228,1443.3333,0.08730530429547123,151157.0,0.0031451639260939857,0
IL,2019Q4,2019-10-01,352.63,0.004690106805191441,257.888,0.003705837709737203,1.6433,-0.5467,1.7933,-0.0034000000000000696,1408.6667,0.07363482153141643,1500.3333,0.03873205317380002,151640.3333,0.003192456850491965,0
IL,2020Q1,2020-01-01,354.21,0.004470608996475889,258.8177,-0.0034005996368007274,1.26,-0.3833,1.3767,-0.41659999999999986,1465.3333,0.03943907093651866,1432.0,-0.04661521488694653,151739.6667,0.0006548447725602813,1
IL,2020Q2,2020-04-01,356.19,0.0055743387586817406,256.292,-0.013405104135240542,0.06,-1.2,0.6867,-0.6900000000000001,1080.3333,-0.3048131204886859,1220.0,-0.16022120979328847,133712.3333,-0.1264756074603639,1
IL,2020Q3,2020-07-01,359.96,0.010528617819937303,259.2217,0.021172794056683486,0.0933,0.033299999999999996,0.65,-0.036699999999999955,1465.0,0.3045856378324041,1571.6667,0.253285789881053,140615.3333,0.05033730369134837,1
IL,2020Q4,2020-10-01,364.49,0.012506202064373362,261.0917,-0.004178254145169369,0.09,-0.0032999999999999974,0.8633,0.21329999999999993,1566.6667,0.06709499885546855,1689.3333,0.07219730543291458,142580.3333,0.013877553703624201,1
IL,2021Q1,2021-01-01,368.82,0.01180960391685204,263.7423,0.002912796934854356,0.08,-0.009999999999999995,1.3167,0.4534,1576.6667,0.006362693652882001,1774.0,0.04890292982825439,143491.6667,0.006371378414680606,1
IL,2021Q2,2021-04-01,385.38,0.04392114035078354,268.5503,0.007964939971683904,0.07,-0.009999999999999995,1.5933,0.27659999999999996,1578.0,0.0008452874463014126,1692.6667,-0.04693166958021866,145157.3333,0.011541249676387366,1
IL,2021Q3,2021-07-01,398.9,0.034480898413604244,272.8297,-0.002256185860151305,0.09,0.01999999999999999,1.3233,-0.27,1589.3333,0.007156397698102168,1678.0,-0.008702606262154688,147282.3333,0.014533167999211116,1
IL,2021Q4,2021-10-01,407.91,0.022335802924343895,278.7713,0.005734383850272806,0.08,-0.009999999999999995,1.5367,0.21340000000000003,1668.6667,0.04871030419571731,1797.0,0.06851599975640799,149206.0,0.012976522026251658,1
IL,2022Q1,2022-01-01,418.73,0.026179758968940092,284.9057,0.00022257451258500538,0.12,0.039999999999999994,1.94,0.4033,1716.3333,0.028165288657145737,1881.6667,0.04603931884688528,150715.3333,0.010064946198092173,1
IL,2022Q2,2022-04-01,443.38,0.05720086936116253,291.6053,0.0014764113159460024,0.77,0.65,2.93,0.9900000000000002,1634.0,-0.04915921653683597,1766.6667,-0.0630633758904171,151968.3333,0.008279317952810672,1
IL,2022Q3,2022-07-01,448.13,0.010656178726947907,295.453,-0.010134331038405442,2.19,1.42,3.1067,0.17669999999999986,1466.6667,-0.1080387214544336,1620.0,-0.08666840151359789,153338.6667,0.00897681744701373,1
IL,2022Q4,2022-10-01,443.43,-0.010543415000664247,298.5417,-0.0027087463644894783,3.6533,1.4633000000000003,3.83,0.7233,1389.0,-0.05440821121117079,1468.3333,-0.0982982012257354,154174.3333,0.0054350135252043685,1
IL,2023Q1,2023-01-01,447.98,0.01020863466922961,301.2303,-0.0014343829181848733,4.5167,0.8634,3.6467,-0.18330000000000002,1379.0,-0.0072254649610421495,1502.6667,0.023113381673648625,154992.0,0.005289506122615251,1
IL,2023Q2,2023-04-01,465.05,0.037396338127155815,303.3977,-0.001796069248992893,4.99,0.47330000000000005,3.5933,-0.05339999999999989,1453.0,0.05227178577698055,1504.3333,0.0011084803263390341,155636.6667,0.004150728472065879,1
IL,2023Q3,2023-07-01,476.42,0.024154891439597037,305.989,0.0013352698010988817,5.26,0.2699999999999996,4.15,0.5567000000000002,1382.6667,-0.04961635878097059,1540.0,0.02343260640699274,156240.3333,0.003871188666582981,1
IL,2023Q4,2023-10-01,479.02,0.0054425320646274145,308.195,-0.0013211215306911939,5.33,0.07000000000000028,4.44,0.29000000000000004,1467.6667,0.05965983501011962,1516.6667,-0.015267450152766315,156712.0,0.0030143060584215675,1
IL,2024Q1,2024-01-01,486.28,0.015042239494892584,311.0033,0.001887277603742632,5.33,0.0,4.16,-0.28000000000000025,1415.0,-0.036544329722093316,1532.6667,0.01049419314869482,157245.3333,0.0033974923115458466,1
IL,2024Q2,2024-04-01,502.22,0.03225368101391357,313.0807,-0.002413361803679237,5.33,0.0,4.4433,0.28329999999999966,1342.6667,-0.052471820080779,1442.3333,-0.06074700995752824,157611.0,0.002322753749755435,1
IL,2024Q3,2024-07-01,510.96,0.017253038551826805,314.121,-0.0033401845150260456,5.2633,-0.06669999999999998,3.9467,-0.49659999999999993,1337.6667,-0.0037308834787390666,1448.6667,0.004381466711854465,157805.6667,0.0012343464709907437,1
IL,2024Q4,2024-10-01,513.09,0.004159959126376123,316.5877,0.00450475719563137,4.65,-0.6132999999999997,4.2833,0.3365999999999998,1387.0,0.03621631379701107,1472.0,0.01597840413089191,158113.3333,0.0019477568444283833,1
IL,2025Q1,2025-01-01,521.58,0.01641139793931856,319.475,0.0012566926772263898,4.33,-0.3200000000000003,4.4533,0.16999999999999993,1401.0,0.010043126022175386,1465.0,-0.0047667778376538905,158318.3333,0.0012956985682421873,1
IL,2025Q2,2025-04-01,535.59,0.026506276673951668,320.7857,-0.0049844516426169605,4.33,0.0,4.36,-0.09329999999999927,1354.0,-0.03412309286478621,1403.0,-0.04324244134870625,158487.0,0.0010647972000938921,1
IL,2025Q3,2025-07-01,543.12,0.013961347000411628,323.235,0.003512038479817292,4.2933,-0.03669999999999973,4.2567,-0.10329999999999995,1346.3333,-0.005678351335521192,1369.0,-0.024532254814012333,158520.6667,0.00021240306568515166,1
IL,2025Q4,2025-10-01,545.83,0.004977281959029689,325.547,-0.0004790823209113171,3.8967,-0.3966000000000003,4.0967,-0.16000000000000014,1327.6667,-0.013961782516461518,1418.0,0.03516688180362415,158429.6667,-0.0005742224753273462,1
NY,1975Q1,1975-01-01,78.05,,52.5667,-0.009099038907365298,6.3033,-3.0434,7.54,-0.1299999999999999,976.3333,-0.047342240317117756,721.3333,-0.13468599966111405,76953.0,-0.015848859268690063,0
NY,1975Q2,1975-04-01,75.59,-0.03202564765735527,53.2,-0.00917228589383301,5.42,-0.8833000000000002,8.05,0.5100000000000007,1071.0,0.09254404642947112,908.6667,0.23087705518461288,76535.0,-0.005446693336045527,0
NY,1975Q3,1975-07-01,77.64,0.026758758996724197,54.2667,0.007876825871649729,6.16,0.7400000000000002,8.2967,0.2466999999999988,1250.0,0.15455075984859779,1026.0,0.12144466545856147,77050.3333,0.006710734975589716,0
NY,1975Q4,1975-10-01,79.18,0.019640983377175125,55.2667,-0.001592604784701912,5.4133,-0.7467000000000006,8.0633,-0.2333999999999996,1341.6667,0.07076909573292767,1099.0,0.06873292867290637,77747.3333,0.009005364559596885,0
NY,1976Q1,1976-01-01,72.53,-0.08772347230266409,55.9,-0.00686595502661369,4.8267,-0.5865999999999998,7.7533,-0.3099999999999996,1442.0,0.07211839181562052,1183.0,0.07365290957476578,78789.0,0.01330914113220949,0
NY,1976Q2,1976-04-01,74.52,0.027067276358066827,56.4,-0.0024890446488816664,5.1967,0.3700000000000001,7.7733,0.019999999999999574,1449.6667,0.005302629078425269,1171.3333,-0.00991091235705266,79326.6667,0.006800955068033687,0
NY,1976Q3,1976-07-01,75.4,0.011739729280522582,57.3,0.006926686873720556,5.2833,0.08659999999999979,7.73,-0.04329999999999945,1557.0,0.07142722491067843,1345.0,0.1382513404146053,79714.3333,0.0048750620001243306,0
NY,1976Q4,1976-10-01,73.68,-0.02307588306685915,58.1333,-0.001393439525265272,4.8733,-0.40999999999999925,7.19,-0.54,1691.3333,0.08275625994880187,1489.0,0.10171074064806973,80199.6667,0.006069948724258367,0
NY,1977Q1,1977-01-01,77.81,0.05453856568178761,59.2,0.0037448667864357077,4.66,-0.21330000000000027,7.3533,0.16329999999999956,1844.3333,0.08660070437382128,1562.0,0.047862297715622226,81023.0,0.010213705979891685,0
NY,1977Q2,1977-04-01,82.6,0.05973972289809382,60.2333,-0.0008790788413230999,5.1567,0.4966999999999997,7.37,0.01670000000000016,1918.6667,0.039512660555702794,1693.3333,0.08073190181974699,82101.3333,0.01322119129442001,0
NY,1977Q3,1977-07-01,82.15,-0.0054628360436552725,61.0667,-0.0035624597397170277,5.82,0.6633000000000004,7.3567,-0.01330000000000009,2009.0,0.0460065681026105,1713.6667,0.011936390619484705,83147.0,0.012655869335640446,0
NY,1977Q4,1977-10-01,84.58,0.029150987561065378,61.9667,0.0008890806626480341,6.5133,0.6932999999999998,7.5967,0.2400000000000002,2075.3333,0.03248468145683159,1761.0,0.027246485657342667,84127.6667,0.011725361106103449,0
NY,1978Q1,1978-01-01,83.16,-0.01693136905453052,63.0333,0.00243557963321539,6.7567,0.24340000000000028,8.01,0.41329999999999956,1829.3333,-0.12617018375572986,1758.3333,-0.0015154577773941469,85000.6667,0.010323613269429543,0
NY,1978Q2,1978-04-01,87.28,0.048354878535002754,64.4667,0.005419639045925351,7.2833,0.5265999999999993,8.32,0.3100000000000005,2114.0,0.14463030391414655,1899.0,0.07696106009347403,86540.3333,0.017951486198549915,0
NY,1978Q3,1978-07-01,83.68,-0.04212134120820199,65.9667,0.0005156045933603082,8.1,0.8167,8.49,0.16999999999999993,2019.3333,-0.045814480018208315,1742.6667,-0.08591090560850922,87436.0,0.010296510980237983,0
NY,1978Q4,1978-10-01,83.56,-0.001435063628248301,67.5,-2.372919946846963e-05,9.5833,1.4832999999999998,8.82,0.33000000000000007,2039.6667,0.010019004724995284,1798.0,0.031258409827788824,88339.3333,0.010278361994558338,0
NY,1979Q1,1979-01-01,96.73,0.1463586555060914,69.2,0.0018957361126483718,10.0733,0.4900000000000002,9.1067,0.28669999999999973,1665.6667,-0.20256094844886796,1557.6667,-0.1434859395997199,89114.0,0.008730989795115107,0
NY,1979Q2,1979-04-01,95.72,-0.010496329154283224,71.4,0.006423741976774977,10.18,0.10670000000000002,9.1133,0.006600000000000605,1845.6667,0.10261510352707681,1640.3333,0.051710456444950204,89771.3333,0.007349247101450018,0
NY,1979Q3,1979-07-01,94.62,-0.01155839283717075,73.7,0.00040792312783732854,10.9467,0.7667000000000002,9.1033,-0.009999999999999787,1790.0,-0.03062494738037813,1587.6667,-0.032633998748874404,90281.3333,0.005665024279407405,0
NY,1979Q4,1979-10-01,98.14,0.03652616045875501,76.0333,-0.0005363268271159072,13.5767,2.630000000000001,10.4467,1.343399999999999,1567.6667,-0.1326272842948395,1337.0,-0.17183715602597793,90575.3333,0.0032511962594341526,0
NY,1980Q1,1980-01-01,100.0,0.01877515532633467,79.0333,0.00752927739962761,15.0467,1.4699999999999989,11.9867,1.540000000000001,1246.0,-0.22964991519256284,1155.6667,-0.14575089124164986,90892.3333,0.003493738894499998,0
NY,1980Q2,1980-04-01,107.03,0.06793898300819201,81.7,-0.005513161196498473,12.6867,-2.3599999999999994,10.4767,-1.5100000000000016,1058.0,-0.16355808692915375,929.0,-0.2183239470464553,90456.6667,-0.004804740452195588,0
NY,1980Q3,1980-07-01,114.63,0.0686003811306346,83.2333,-0.014591212954761623,9.8367,-2.8499999999999996,10.9533,0.47660000000000124,1392.0,0.27436122847612054,1370.0,0.3884572800083328,90050.6667,-0.0044984397808374155,0
NY,1980Q4,1980-10-01,110.99,-0.03226944296303014,85.5667,0.00905517436074188,15.8533,6.0166,12.4233,1.4699999999999989,1505.0,0.0780513362886106,1332.6667,-0.027628767417429145,90726.6667,0.00747884857227632,0
NY,1981Q1,1981-01-01,111.98,0.00888017675685937,87.9333,-0.0003662968604762895,16.57,0.7166999999999994,12.96,0.5367000000000015,1366.3333,-0.09666216974294262,1201.0,-0.10402742932475828,91116.0,0.0042820961876319785,0
NY,1981Q2,1981-04-01,107.83,-0.037764371026766774,89.7667,-0.00664687382878526,17.78,1.2100000000000009,13.75,0.7899999999999991,1181.6667,-0.14520482893317066,1113.0,-0.07609547080443857,91356.3333,0.0026341904509621372,0
NY,1981Q3,1981-07-01,115.19,0.06602702604443422,92.2667,0.006833703922071166,17.5767,-0.20330000000000226,14.8467,1.0967000000000002,964.0,-0.20358988389631705,890.3333,-0.22321846427285585,91547.6667,0.002092173706337519,0
NY,1981Q4,1981-10-01,113.8,-0.012140417246184754,93.7667,-0.01134272789157631,13.5867,-3.9899999999999984,14.0867,-0.7599999999999998,873.3333,-0.09877402469145213,758.3333,-0.1604728882417925,91148.6667,-0.004367910695734167,0
NY,1982Q1,1982-01-01,123.08,0.07839202876161089,94.6,-0.007278792235141829,14.2267,0.6399999999999988,14.2933,0.2065999999999999,880.0,0.007604637553158433,831.0,0.09150679609455192,90520.6667,-0.006913687519293887,0
NY,1982Q2,1982-04-01,124.83,0.014118261209118188,95.9667,0.005496086497117858,14.5133,0.28659999999999997,13.93,-0.3633000000000006,948.0,0.07443259478276953,918.0,0.09956759576504215,90040.6667,-0.005316765463355466,0
NY,1982Q3,1982-07-01,121.83,-0.02432618129664288,97.6333,0.0028735872243261795,11.0067,-3.506599999999999,13.1167,-0.8132999999999999,1118.6667,0.16553830646134315,1004.0,0.08954990963118359,89355.6667,-0.007636759527017034,0
NY,1982Q4,1982-10-01,125.86,0.03254354773247137,97.9333,-0.014149356507337174,9.2867,-1.7200000000000006,10.6667,-2.4499999999999993,1282.6667,0.13680374038864862,1243.0,0.2135357912590372,88821.3333,-0.005997799960981709,0
NY,1983Q1,1983-01-01,128.3,0.019201093522802637,98.0,-0.002387166985384326,8.6533,-0.6334,10.5633,-0.1034000000000006,1630.3333,0.23984320232051726,1457.3333,0.15908044624478102,88999.0,0.0019982727039451476,0
NY,1983Q2,1983-04-01,132.29,0.030625210852698537,99.1333,0.010817086473278614,8.8033,0.15000000000000036,10.5433,-0.019999999999999574,1660.3333,0.01823389290335342,1668.0,0.1350170451631998,89676.3333,0.007581757728788219,0
NY,1983Q3,1983-07-01,137.57,0.03913639599861529,100.1,-0.0017936532290745433,9.46,0.6567000000000007,11.6267,1.0833999999999993,1801.6667,0.08169381557770272,1697.6667,0.017629474932594924,90604.3333,0.01029514938074172,0
NY,1983Q4,1983-10-01,146.83,0.065142576501942,101.1,0.00023616249448732418,9.43,-0.030000000000001137,11.6867,0.0600000000000005,1729.3333,-0.04097622241361254,1670.3333,-0.01623159151576914,91875.0,0.013926916709511517,0
NY,1984Q1,1984-01-01,150.11,0.022092903697238597,102.5333,0.004137058134120686,9.6867,0.2567000000000004,11.9433,0.2566000000000006,1940.0,0.11495201456440007,1842.6667,0.09819062853360272,93086.3333,0.013098420056078197,0
NY,1984Q2,1984-04-01,156.13,0.03932063488134396,103.5,-0.004693508999745966,10.5567,0.8699999999999992,13.2,1.2566999999999986,1822.6667,-0.06238732459342167,1777.0,-0.0362872667144698,94123.0,0.011075059965255818,0
NY,1984Q3,1984-07-01,161.72,0.035177451219141176,104.4,-0.0007259260965106762,11.39,0.8333000000000013,12.8667,-0.3332999999999995,1672.0,-0.08628013381930533,1552.6667,-0.13495264491003311,95055.0,0.009853233889254298,0
NY,1984Q4,1984-10-01,168.45,0.04077252507999152,105.3,-7.431905172428088e-05,9.2667,-2.1233000000000004,11.7433,-1.1234000000000002,1630.3333,-0.025236042219116683,1586.3333,0.021451348195564712,95906.0,0.008912873660738896,0
NY,1985Q1,1985-01-01,175.33,0.0400309426294756,106.2667,0.0005548090928666483,8.4767,-0.7900000000000009,11.5833,-0.16000000000000014,1714.3333,0.050239786237371575,1683.0,0.059152662750623364,96572.3333,0.006923750330562584,0
NY,1985Q2,1985-04-01,183.73,0.04679737614960633,107.2333,-8.368998023833285e-05,7.9233,-0.553399999999999,10.8133,-0.7699999999999996,1725.6667,0.0065892098870961036,1696.3333,0.00789112407969128,97269.6667,0.007194894895917514,0
NY,1985Q3,1985-07-01,190.01,0.03360941372279669,107.9,-0.002856825268136909,7.9,-0.023299999999999876,10.3367,-0.47659999999999947,1701.0,-0.01439715515413642,1807.0,0.06319897232173144,97844.3333,0.005890589723932749,0
NY,1985Q4,1985-10-01,197.66,0.03947168059359729,109.0,0.003944972429172466,8.1033,0.20330000000000048,9.76,-0.5767000000000007,1824.6667,0.0701810268048293,1743.0,-0.03606024507220784,98428.3333,0.005950922597339314,0
NY,1986Q1,1986-01-01,205.45,0.038654312381381395,109.5667,-0.004957395963400835,7.8267,-0.27660000000000107,8.5567,-1.2033000000000005,1898.6667,0.03975456277919065,1798.0,0.031067169511544535,98837.6667,0.004150071350347062,0
NY,1986Q2,1986-04-01,216.36,0.051740991673807635,109.0333,-0.010065770073175884,6.92,-0.9066999999999998,7.6033,-0.9533999999999994,1878.0,-0.010944522211673302,1815.0,0.009410531667385591,99174.6667,0.0034038316663291823,0
NY,1986Q3,1986-07-01,226.15,0.044254808920626054,109.7,0.01097618319343141,6.2067,-0.7133000000000003,7.3067,-0.29659999999999975,1758.6667,-0.06565141564535981,1730.6667,-0.04757875772273401,99665.0,0.004931956505972224,0
NY,1986Q4,1986-10-01,236.28,0.04381904651518198,110.4667,0.0008687236713633695,6.2667,0.0600000000000005,7.2633,-0.043400000000000105,1712.3333,-0.026699021790305366,1740.6667,0.005761490764498056,100312.6667,0.006477412955078421,0
NY,1987Q1,1987-01-01,245.73,0.03921582975658566,111.8,0.005032691853267934,6.22,-0.04670000000000041,7.1933,-0.07000000000000028,1761.3333,0.028214135716505773,1694.3333,-0.026978870635343988,100920.3333,0.006039451253530004,0
NY,1987Q2,1987-04-01,254.37,0.03455652778840079,113.0667,-0.0007310933066237979,6.65,0.4300000000000006,8.3433,1.1499999999999995,1612.0,-0.08859543498247557,1541.0,-0.09485777378525562,101709.0,0.007784368330895575,0
NY,1987Q3,1987-07-01,266.03,0.044819184393158906,114.2667,-0.0007090696300746657,6.8433,0.1932999999999998,8.8767,0.5334000000000003,1625.0,0.008032171697264445,1513.6667,-0.017896570868693118,102438.0,0.007141942802919132,0
NY,1987Q4,1987-10-01,269.92,0.014516534420478067,115.3333,-0.0012662721083689377,6.9167,0.07339999999999947,9.1233,0.24660000000000082,1523.6667,-0.06438808322315204,1416.3333,-0.06646363653967047,103390.3333,0.009253731792281172,0
NY,1988Q1,1988-01-01,276.35,0.02354255948161388,116.2333,-0.0015178267397164547,6.6633,-0.25340000000000007,8.4167,-0.7065999999999999,1425.3333,-0.06671405145020248,1402.3333,-0.009933856759248627,104152.0,0.007339901285662975,0
NY,1988Q2,1988-04-01,279.71,0.012085173881596134,117.5667,0.003633273005188009,7.1567,0.4934000000000003,8.91,0.4932999999999996,1490.6667,0.04481778843770101,1452.6667,0.035263478630257694,105006.6667,0.008172469927822945,0
NY,1988Q3,1988-07-01,281.86,0.007657141602496864,119.0,0.0007112071436514711,7.9833,0.8266,9.1,0.1899999999999995,1484.0,-0.004482324800858528,1445.0,-0.0052916492362280465,105745.6667,0.007012999731744074,0
NY,1988Q4,1988-10-01,282.71,0.003011143497687385,120.3,-0.0012525311414925966,8.47,0.4867000000000008,8.9567,-0.14329999999999998,1551.3333,0.04437360997990858,1508.3333,0.04289594481993664,106597.0,0.008018528491952281,0
NY,1989Q1,1989-01-01,282.55,-0.0005661111851997802,121.6667,0.0004315860372097191,9.4433,0.9733,9.2067,0.25,1489.3333,-0.040786184567632056,1354.3333,-0.107695962659208,107403.0,0.007532745898924276,0
NY,1989Q2,1989-04-01,281.98,-0.0020193796386376306,123.6333,0.0047378714196870675,9.7267,0.28339999999999854,8.7733,-0.4333999999999989,1355.6667,-0.09403520731233961,1359.6667,0.003930292457999585,107910.3333,0.0047125204103473095,0
NY,1989Q3,1989-07-01,284.93,0.010407389628280583,124.6,-0.008245907185595591,9.0833,-0.6433999999999997,8.1067,-0.6666000000000007,1346.0,-0.0071561316225894345,1310.3333,-0.036958063850330625,108186.0,0.0025513329663997553,0
NY,1989Q4,1989-10-01,285.58,0.0022786639366536576,125.8667,0.0023261239399516853,8.6133,-0.46999999999999886,7.9067,-0.20000000000000018,1337.3333,-0.006459674716181141,1377.0,0.04962568741372397,108688.0,0.0046294244266587015,0
NY,1990Q1,1990-01-01,285.54,-0.0001400756410747661,128.0333,0.006952171820781672,8.25,-0.3633000000000006,8.4233,0.5165999999999995,1425.6667,0.06396200745118108,1441.0,0.04543009727086744,109424.0,0.006748851906793973,0
NY,1990Q2,1990-04-01,282.38,-0.011128442779694936,129.3,-0.00722207645817452,8.2433,-0.006700000000000372,8.6767,0.25340000000000096,1212.3333,-0.1620927141159827,1103.6667,-0.2666993169180296,109784.0,0.003284554611592938,0
NY,1990Q3,1990-07-01,280.79,-0.005646622599477347,131.5333,0.00727986627841215,8.16,-0.08329999999999949,8.7033,0.02660000000000018,1132.0,-0.068560870060562,1041.0,-0.05845621046652294,109648.0,-0.0012395641238640565,0
NY,1990Q4,1990-10-01,277.76,-0.01084962750991636,133.7667,-0.0002875794257013453,7.7433,-0.4167000000000005,8.3967,-0.3066000000000013,1042.6667,-0.0822044137967275,909.0,-0.1355919744374905,109255.6667,-0.003584533105373211,0
NY,1991Q1,1991-01-01,277.29,-0.0016935415271897014,134.7667,-0.009389288770869086,6.4267,-1.3165999999999993,8.0167,-0.379999999999999,894.6667,-0.1530855982851147,850.0,-0.06710874469311623,108787.0,-0.0042988597493067715,0
NY,1991Q2,1991-04-01,279.22,0.00693611161570562,135.5667,-0.0015292627179492868,5.8633,-0.5634000000000006,8.13,0.11330000000000062,1011.0,0.12224397233918527,957.0,0.1185670419685918,108311.0,-0.004385123425938886,0
NY,1991Q3,1991-07-01,278.27,-0.0034081361802060783,136.6,0.001674542203309315,5.6433,-0.21999999999999975,7.94,-0.1900000000000004,1042.3333,0.030521817789726846,963.6667,0.0069420964853890155,108308.3333,-2.4621071069930167e-05,0
NY,1991Q4,1991-10-01,280.59,0.008302663734273352,137.7333,0.0006690824169366394,4.8167,-0.8266,7.3467,-0.5933000000000002,1087.0,0.04195985031101124,1012.0,0.04893836190906775,108330.3333,0.00020310317101568387,0
NY,1992Q1,1992-01-01,285.83,0.018502699381836685,138.6667,-0.001508254013153909,4.0233,-0.7934000000000001,7.3033,-0.043400000000000105,1241.0,0.13249589808339746,1101.6667,0.08489564402745131,108348.0,0.00016306845054714358,0
NY,1992Q2,1992-04-01,281.82,-0.014128659229446505,139.7333,0.0009083883973879381,3.77,-0.25329999999999986,7.3767,0.07339999999999947,1152.6667,-0.07383937871103186,1055.6667,-0.04265170442870936,108622.6667,0.002531833919299231,0
NY,1992Q3,1992-07-01,284.97,0.01111534230324196,140.8,-5.755587647016114e-05,3.2567,-0.5133000000000001,6.6167,-0.7599999999999998,1183.6667,0.026538865942484335,1092.6667,0.034448711695918455,108886.6667,0.002427483230370342,0
NY,1992Q4,1992-10-01,287.05,0.007272505043444788,142.0333,0.0011162554922270473,3.0367,-0.21999999999999975,6.7433,0.12659999999999982,1228.3333,0.03704121638222535,1142.0,0.04415988907388435,109308.0,0.0038619992876611775,0
NY,1993Q1,1993-01-01,281.74,-0.018671756781484916,143.0667,-0.0014716754981103364,3.04,0.0032999999999998586,6.28,-0.4632999999999994,1167.6667,-0.0506507257419484,1127.0,-0.013221876176179315,109947.0,0.0058288459482476185,0
NY,1993Q2,1993-04-01,288.36,0.023225039704216854,144.1,-5.2870003525384845e-05,3.0,-0.040000000000000036,5.99,-0.29000000000000004,1266.0,0.08085483962778461,1115.3333,-0.010405951047548712,110537.6667,0.005357906487287067,0
NY,1993Q3,1993-07-01,287.46,-0.0031259794132925123,144.7667,-0.002580569802709931,3.06,0.06000000000000005,5.6167,-0.3733000000000004,1299.0,0.025732413966478518,1218.3333,0.08833049316375963,111234.0,0.006279752492302393,0
NY,1993Q4,1993-10-01,288.58,0.0038886237460245,145.9667,0.0036390542508861756,2.99,-0.06999999999999984,5.6067,-0.009999999999999787,1433.6667,0.09864055069543376,1368.3333,0.116109652701895,112015.3333,0.0069996759103094774,0
NY,1994Q1,1994-01-01,285.17,-0.011886850202569299,146.7,-0.0032438607265552477,3.2133,0.2232999999999996,6.0667,0.45999999999999996,1391.0,-0.030212375442590478,1333.6667,-0.025661363675006044,112876.0,0.007654104666782402,0
NY,1994Q2,1994-04-01,281.37,-0.013414964477584057,147.5333,0.0006530562151585428,3.94,0.7267000000000001,7.0833,1.0166000000000004,1466.6667,0.05296936204207192,1381.6667,0.035358457843861046,113916.6667,0.009177316172959138,0
NY,1994Q3,1994-07-01,279.84,-0.005452517918664412,148.9,0.0035567988165539077,4.4867,0.5467,7.3333,0.25,1454.3333,-0.008444692430024325,1374.6667,-0.005079222309694487,114918.6667,0.008757444831235972,0
NY,1994Q4,1994-10-01,274.68,-0.018611227517816076,149.7667,-0.003417216392334943,5.1667,0.6799999999999997,7.8367,0.5034000000000001,1472.0,0.012074437753330614,1377.6667,0.0021799693220794225,115832.6667,0.007921989152466224,0
NY,1995Q1,1995-01-01,273.24,-0.005256253888827445,150.8667,0.0015141052140750233,5.81,0.6433,7.4833,-0.3534000000000006,1324.0,-0.1059645627918675,1254.0,-0.0940528288462561,116702.3333,0.007479911882082746,0
NY,1995Q2,1995-04-01,278.09,0.017594272441370684,152.1,0.0008236182877654485,6.02,0.20999999999999996,6.62,-0.8632999999999997,1287.3333,-0.0280845880699232,1278.3333,0.01921867786476117,117134.3333,0.0036948909489780135,0
NY,1995Q3,1995-07-01,282.61,0.01612305302352457,152.8667,-0.0031134332429223477,5.7967,-0.22329999999999917,6.3233,-0.2967000000000004,1415.3333,0.09479218161648273,1387.0,0.08158602125720371,117633.6667,0.004253851913068374,0
NY,1995Q4,1995-10-01,281.83,-0.00276380304907331,153.7,0.0004082501885553924,5.72,-0.07670000000000066,5.8933,-0.4299999999999997,1417.3333,0.0014120972318707459,1424.0,0.026326671657090017,118172.0,0.004565914320709297,0
NY,1996Q1,1996-01-01,286.55,0.016608988718275874,155.0667,0.003416345659204012,5.3633,-0.3567,5.91,0.01670000000000016,1460.6667,0.03011582703254767,1414.6667,-0.006575857343480429,118682.3333,0.004309265383668048,0
NY,1996Q2,1996-04-01,284.83,-0.006020529928834506,156.4,-0.00029121521960639996,5.2433,-0.1200000000000001,6.72,0.8099999999999996,1495.6667,0.023679085286547163,1449.6667,0.02443971229487918,119475.0,0.006656688803452937,0
NY,1996Q3,1996-07-01,282.81,-0.007117216992742925,157.3,-0.0028234992205051768,5.3067,0.06340000000000057,6.78,0.0600000000000005,1501.3333,0.003781519354451035,1418.3333,-0.021851218085718216,120205.6667,0.0060970204524330995,0
NY,1996Q4,1996-10-01,282.5,-0.0010967434896729245,158.6667,0.0029129836300674228,5.28,-0.026699999999999946,6.3433,-0.4367000000000001,1417.0,-0.05781161925824918,1393.6667,-0.017544262231424135,120918.3333,0.005911221406389444,0
NY,1997Q1,1997-01-01,282.56,0.00021236682909897553,159.6333,-0.0025774313618391886,5.2767,-0.0033000000000003027,6.5633,0.21999999999999975,1432.6667,0.010995572110300778,1421.0,0.019422661490922977,121673.3333,0.006224471336761184,0
NY,1997Q2,1997-04-01,285.99,0.012065927758001749,160.0,-0.00377902885599557,5.5233,0.24659999999999993,6.6967,0.13339999999999996,1476.0,0.029798193359436453,1412.3333,-0.0061176897402566155,122555.0,0.007220051155632845,0
NY,1997Q3,1997-07-01,288.46,0.008599582981767107,160.8,0.002693036145784866,5.5333,0.009999999999999787,6.2433,-0.45340000000000025,1457.6667,-0.012498719548010406,1461.0,0.033877973393855676,123258.6667,0.005725219687899852,0
NY,1997Q4,1997-10-01,291.3,0.009797235810025562,161.6667,0.00038791019901385226,5.5067,-0.02659999999999929,5.9067,-0.3365999999999998,1532.0,0.049737064688128996,1474.6667,0.009310865387339717,124232.6667,0.007871023321367687,0
NY,1998Q1,1998-01-01,297.94,0.02253845998605719,162.0,-0.0033159249325889206,5.52,0.013299999999999201,5.5867,-0.3199999999999994,1558.6667,0.01725670500911214,1602.3333,0.08302888128481545,124996.0,0.006125584965582576,0
NY,1998Q2,1998-04-01,300.02,0.006957015149297696,162.5333,0.0012270418430011532,5.5,-0.019999999999999574,5.5967,0.009999999999999787,1572.3333,0.008729918106587853,1550.6667,-0.03277591195627938,125788.6667,0.006321513592599359,0
NY,1998Q3,1998-07-01,302.4,0.007901505204634063,163.3667,0.0018278948140482143,5.5333,0.03329999999999966,5.2033,-0.39340000000000064,1631.3333,0.036836961485087194,1613.6667,0.03982407546189837,126500.6667,0.005644328126528819,0
NY,1998Q4,1998-10-01,306.53,0.01356498556324226,164.1333,-0.00043292816662976463,4.86,-0.6732999999999993,4.67,-0.5332999999999997,1722.3333,0.05428228536416135,1711.0,0.058568951963719584,127255.3333,0.005947988027214635,0
NY,1999Q1,1999-01-01,308.85,0.0075400922732873354,164.7333,-0.0010326352839786779,4.7333,-0.12670000000000048,4.9833,0.3132999999999999,1709.3333,-0.007576529833868584,1705.6667,-0.003121934212511057,128016.6667,0.005964897500332356,0
NY,1999Q2,1999-04-01,314.41,0.017842144523100067,165.9667,0.003810463300492728,4.7467,0.013399999999999856,5.54,0.5567000000000002,1574.3333,-0.08227153037659285,1647.3333,-0.034798262033959304,128830.6667,0.006338416789947843,0
NY,1999Q3,1999-07-01,323.4,0.02819208047799826,167.2,-5.582845734686259e-05,5.0933,0.34660000000000046,5.8833,0.34330000000000016,1650.6667,0.04734738583515963,1634.6667,-0.007718868306268334,129588.3333,0.005863878205810025,0
NY,1999Q4,1999-10-01,329.4,0.018382870600533785,168.4333,-5.4409750155137715e-05,5.3067,0.21340000000000003,6.14,0.2566999999999995,1654.6667,0.0024203319112494626,1668.0,0.020186373579237582,130475.6667,0.006823988274847537,0
NY,2000Q1,2000-01-01,334.19,0.014436875767801283,170.1,0.002497548597422572,5.6767,0.3700000000000001,6.48,0.34000000000000075,1659.0,0.002615412389011418,1690.0,0.013103224998427088,131245.0,0.005879058200426002,0
NY,2000Q2,2000-04-01,344.21,0.029542242720306255,171.4333,-0.0020389034024361763,6.2733,0.5965999999999996,6.1767,-0.3033000000000001,1586.6667,-0.04457961062468474,1570.6667,-0.07322835003139616,132017.3333,0.0058674213363811845,0
NY,2000Q3,2000-07-01,354.21,0.02863802135548088,173.0,0.0012895545521987017,6.52,0.2466999999999997,5.8933,-0.2834000000000003,1503.6667,-0.05372880865743923,1554.6667,-0.0102389970826815,132266.3333,0.001884339481748043,0
NY,2000Q4,2000-10-01,359.61,0.01513015329998968,174.2333,-0.0019937135854419807,6.4733,-0.04669999999999952,5.5667,-0.3266,1544.0,0.026469859676401697,1578.0,0.014897040602777523,132541.3333,0.0020769798880060364,0
NY,2001Q1,2001-01-01,367.74,0.022356055838577582,175.9,0.0024168347684545566,5.5933,-0.8799999999999999,5.05,-0.5167000000000002,1605.0,0.03874730497939449,1671.3333,0.05746346870015362,132747.3333,0.0015530255705549223,0
NY,2001Q2,2001-04-01,375.95,0.02207998909833986,177.1333,-0.002533541275180795,4.3267,-1.2666000000000004,5.27,0.21999999999999975,1630.0,0.015456258236691944,1652.3333,-0.011433280927001022,132388.6667,-0.002705530888174934,0
NY,2001Q3,2001-07-01,386.23,0.026976891112017398,177.6333,-0.004168148225196511,3.4967,-0.8299999999999996,4.98,-0.28999999999999915,1599.6667,-0.018784719772997782,1592.6667,-0.03677862903206819,131985.3333,-0.003051235847101097,0
NY,2001Q4,2001-10-01,393.03,0.017452897897635822,177.5,-0.00356946057338714,2.1333,-1.3634,4.77,-0.21000000000000085,1570.0,-0.01871967568545685,1632.3333,0.02460068246663827,131193.0,-0.006021283621315376,0
NY,2002Q1,2002-01-01,402.63,0.024132081244135684,178.0667,0.003938294354740357,1.7333,-0.40000000000000013,5.0767,0.3067000000000002,1723.0,0.09299133818557603,1714.3333,0.0490137950493601,130772.6667,-0.0032090744257935455,0
NY,2002Q2,2002-04-01,415.35,0.031103512207256045,179.4667,0.004643885906293832,1.75,0.016699999999999937,5.1,0.023299999999999876,1691.0,-0.01874688762934973,1714.3333,0.0,130640.6667,-0.0010098950156969266,0
NY,2002Q3,2002-07-01,427.93,0.02983809251885816,180.4333,-0.0024599711979007566,1.74,-0.010000000000000009,4.26,-0.8399999999999999,1697.3333,0.003738302471958832,1745.3333,0.017921281600230543,130555.6667,-0.0006508514257781428,0
NY,2002Q4,2002-10-01,437.21,0.02145399806394721,181.5,0.0005229683140761665,1.4433,-0.29669999999999996,4.0067,-0.2532999999999994,1729.6667,0.018870358600627135,1822.0,0.04298925855677105,130566.0,7.914548138465705e-05,0
NY,2003Q1,2003-01-01,446.99,0.022122594130786766,183.3667,0.004337845982972155,1.25,-0.19330000000000003,3.92,-0.08670000000000044,1736.0,0.0036548852491300465,1806.3333,-0.008635809375488357,130416.3333,-0.0011469490253581682,0
NY,2003Q2,2003-04-01,457.87,0.024049078029761972,183.0667,-0.011869724983207597,1.2467,-0.0033000000000000806,3.62,-0.2999999999999998,1753.6667,0.010125236850194952,1837.6667,0.017197679616102413,130185.3333,-0.0017728210530236765,0
NY,2003Q3,2003-07-01,464.88,0.015194006738415311,184.4333,0.009074718883136157,1.0167,-0.22999999999999998,4.2333,0.6132999999999997,1889.6667,0.07469161122549828,1937.3333,0.052815770755764824,130196.3333,8.449135570920419e-05,0
NY,2003Q4,2003-10-01,486.63,0.04572477296328259,185.1333,-0.003649087541439222,0.9967,-0.019999999999999907,4.2867,0.05339999999999989,2035.6667,0.07442291763368747,1972.3333,0.017904818291845537,130502.6667,0.002350093717186752,0
NY,2004Q1,2004-01-01,496.94,0.0209652137326497,186.7,0.0046387187415168896,1.0033,0.00660000000000005,4.02,-0.26670000000000016,1918.3333,-0.059366645817998,1994.6667,0.011259710589305527,130905.6667,0.0030833012400695026,0
NY,2004Q2,2004-04-01,511.63,0.029132413084831832,188.1667,-0.0006017228716839185,1.01,0.006699999999999928,4.6,0.5800000000000001,1937.3333,0.009855703704603869,2080.0,0.041890924997930234,131634.3333,0.005550913925581824,0
NY,2004Q3,2004-07-01,536.24,0.04698011450208828,189.3667,-0.0014681466710397828,1.4333,0.4233,4.3033,-0.2966999999999995,1977.0,0.02026810435433468,2069.6667,-0.004980313892927413,131960.6667,0.0024760224338145065,0
NY,2004Q4,2004-10-01,549.72,0.02482723563694922,191.4,0.004323057247757056,1.95,0.5166999999999999,4.1733,-0.1299999999999999,1965.3333,-0.0059186949302061365,2086.0,0.007860776758281673,132520.6667,0.004234709721576024,0
NY,2005Q1,2005-01-01,564.51,0.026549040538011326,192.3667,-0.00564216478841395,2.47,0.5200000000000002,4.2967,0.12340000000000018,2071.6667,0.052691603126395314,2105.0,0.009067110555763591,132989.6667,0.003532822860689677,0
NY,2005Q2,2005-04-01,583.39,0.032897818163868386,193.6667,0.001697226661699247,2.9433,0.4732999999999996,4.16,-0.13670000000000027,2051.3333,-0.009863480402523273,2137.6667,0.015399439957597849,133719.0,0.005469151992585353,0
NY,2005Q3,2005-07-01,602.23,0.03178351575469307,196.6,0.00829737344040371,3.46,0.5167000000000002,4.2133,0.053300000000000125,2100.0,0.0234473727472313,2228.3333,0.041538999834990875,134451.3333,0.0054617161523182745,0
NY,2005Q4,2005-10-01,616.04,0.022672464347040844,198.4333,-0.005750751616615091,3.98,0.52,4.49,0.27669999999999995,2068.6667,-0.01503305125786003,2169.3333,-0.026834021603955982,134932.3333,0.0035711186000924044,0
NY,2006Q1,2006-01-01,627.06,0.017730333344202265,199.4667,-0.004087534199871179,4.4567,0.4766999999999997,4.57,0.08000000000000007,2120.3333,0.02466899983624149,2157.0,-0.0057015179159582985,135732.6667,0.005913847246914017,0
NY,2006Q2,2006-04-01,628.86,0.0028664265756734864,201.2667,0.003789307522172436,4.9067,0.4500000000000002,5.07,0.5,1855.0,-0.13368859724836035,1923.3333,-0.11465859288614322,136265.3333,0.003916699982713823,0
NY,2006Q3,2006-07-01,628.17,-0.0010978259378058297,203.1667,0.0004123409818168611,5.2467,0.33999999999999986,4.8967,-0.17330000000000023,1702.3333,-0.08588485664296908,1713.3333,-0.11561900317716489,136682.3333,0.003055533169638025,0
NY,2006Q4,2006-10-01,636.46,0.013110741874024612,202.3333,-0.013506416775125096,5.2467,0.0,4.63,-0.26670000000000016,1570.0,-0.0809242200562128,1581.0,-0.08038321311637553,137050.6667,0.002691189022183238,0
NY,2007Q1,2007-01-01,639.61,0.0049370432629505245,204.317,0.01386685835465773,5.2567,0.010000000000000675,4.68,0.04999999999999982,1461.3333,-0.07172638119283103,1606.6667,0.016104101913951396,137605.3333,0.004038996810887596,0
NY,2007Q2,2007-04-01,637.44,-0.00339846065313143,206.631,0.0015055128268333107,5.25,-0.006700000000000372,4.8467,0.16670000000000051,1451.0,-0.0070962642653347174,1456.6667,-0.09801091681860274,137969.6667,0.002644170278681912,0
NY,2007Q3,2007-07-01,628.16,-0.014665243868082989,207.939,-0.004951710879503857,5.0733,-0.1767000000000003,4.73,-0.1166999999999998,1289.0,-0.1183862499450008,1314.3333,-0.10282120245670345,138052.0,0.0005965713012763274,0
NY,2007Q4,2007-10-01,630.13,0.0031312362167623675,210.4897,0.005881779723557301,4.4967,-0.5766,4.26,-0.47000000000000064,1166.0,-0.10028763602874946,1188.3333,-0.10077780371832201,138286.6667,0.0016983997151864827,0
NY,2008Q1,2008-01-01,633.49,0.005318067012093586,212.7697,-0.0014183140476200506,3.1767,-1.3199999999999998,3.6633,-0.5966999999999998,1064.0,-0.09154369700884768,1025.0,-0.14785912455728667,138326.3333,0.00028680214069432,0
NY,2008Q2,2008-04-01,621.6,-0.018947415263514067,215.5377,0.0021518368246313813,2.0867,-1.0899999999999999,3.8867,0.22339999999999982,1010.6667,-0.05142517882590791,1061.0,0.03451924704147391,137863.6667,-0.0033503532552288107,0
NY,2008Q3,2008-07-01,605.24,-0.026671725470067464,218.861,0.0023755127450408864,1.94,-0.14670000000000005,3.8633,-0.023399999999999643,862.3333,-0.15872363621257612,858.6667,-0.21158630123797373,137156.0,-0.005146310228218098,0
NY,2008Q4,2008-10-01,599.51,-0.009512418687781299,213.8487,-0.038469058355938834,0.5067,-1.4333,3.2533,-0.6100000000000003,663.0,-0.2628668646772434,638.6667,-0.29599811532124765,135559.6667,-0.01170707610223154,0
NY,2009Q1,2009-01-01,606.65,0.011839363602293318,212.3777,0.01626560712872216,0.1833,-0.3234,2.7367,-0.5166,525.6667,-0.2321076284793948,538.6667,-0.17028570976064472,133297.0,-0.016832166740949006,0
NY,2009Q2,2009-04-01,593.5,-0.02191480444815941,213.507,0.012205788099366899,0.18,-0.0032999999999999974,3.3133,0.5766,534.3333,0.016352439851941902,559.3333,0.03764852647016781,131432.0,-0.01409011370096458,0
NY,2009Q3,2009-07-01,579.65,-0.023612740933312004,215.344,0.0032638047305484363,0.1567,-0.023299999999999987,3.5167,0.20340000000000025,588.3333,0.0962738224836528,606.6667,0.0812340075835003,130460.0,-0.007422941236086444,0
NY,2009Q4,2009-10-01,574.36,-0.009168095690234246,217.03,-0.000768287133378287,0.12,-0.03670000000000001,3.46,-0.056700000000000195,567.6667,-0.035759173327579497,623.3333,0.027101821356800393,129975.3333,-0.0037219777621615435,0
NY,2010Q1,2010-01-01,570.82,-0.0061824538949339924,217.374,-0.006215063855589342,0.1333,0.013300000000000006,3.7167,0.25669999999999993,618.0,0.08495400674320752,657.6667,0.05361690033415645,129791.3333,-0.0014166562105994984,0
NY,2010Q2,2010-04-01,567.05,-0.006626440269903,217.2973,-0.0019366898381862896,0.1933,0.06,3.49,-0.22669999999999968,602.0,-0.02623101214886958,599.6667,-0.09232426716988318,130424.0,0.0048626492421650624,0
NY,2010Q3,2010-07-01,575.12,0.014131231414276968,217.9343,0.003280089605024905,0.1867,-0.006599999999999995,2.7867,-0.7033,579.6667,-0.03780416211833604,574.0,-0.04374460454929174,130390.3333,-0.00025816602761885576,0
NY,2010Q4,2010-10-01,574.88,-0.00041739131040774424,219.699,0.005137607246683551,0.1867,0.0,2.8633,0.0766,542.3333,-0.06657252610237308,583.3333,0.016129324787024224,130733.0,0.0026245597616192384,0
NY,2011Q1,2011-01-01,566.25,-0.015125646567964779,222.0437,0.0025509951290105803,0.1567,-0.03,3.46,0.5966999999999998,582.3333,0.07116220713684918,567.0,-0.02839941737883933,131059.0,0.0024905281178000394,0
NY,2011Q2,2011-04-01,558.22,-0.014282526885072144,224.5683,0.0006899015632813033,0.0933,-0.06340000000000001,3.21,-0.25,574.3333,-0.013833074403447831,611.6667,0.07582822258872035,131743.6667,0.005210512188654093,0
NY,2011Q3,2011-07-01,555.55,-0.004794535882154172,226.0327,-0.004805896659700437,0.0833,-0.009999999999999995,2.4267,-0.7833000000000001,619.3333,0.07543368706284603,626.0,0.02316284478362629,132153.6667,0.003107271487751362,0
NY,2011Q4,2011-10-01,559.86,0.00772813844396758,227.0473,-0.0020210997837715183,0.0733,-0.009999999999999995,2.0467,-0.3799999999999999,671.6667,0.08111865845610478,691.3333,0.09927168080525561,132710.3333,0.004203420771665023,0
NY,2012Q1,2012-01-01,555.68,-0.007494163478221516,228.326,0.0011373797223193094,0.1033,0.03,2.0367,-0.009999999999999787,707.3333,0.051739748040000144,752.0,0.08411427204448607,133501.0,0.005940160511729076,0
NY,2012Q2,2012-04-01,549.94,-0.010383407629183772,228.808,-0.003507274831300755,0.1533,0.04999999999999999,1.8233,-0.21340000000000026,739.3333,0.04424685077607471,774.0,0.028835549639887326,133923.3333,0.0031585282154296124,0
NY,2012Q3,2012-07-01,551.74,0.003267739455591112,229.841,0.002395749945685033,0.1433,-0.009999999999999981,1.6433,-0.17999999999999994,780.3333,0.05397230194947422,873.0,0.12036368224987459,134337.6667,0.0030890344065568343,0
NY,2012Q4,2012-10-01,553.53,0.0032390303997296144,231.3693,0.002122828158626966,0.16,0.016699999999999993,1.7067,0.06340000000000012,908.0,0.15152324249528082,915.0,0.046988509435919035,134856.0,0.0038510114070664514,0
NY,2013Q1,2013-01-01,554.2,0.0012096812069772866,232.2993,-0.002615878574562025,0.1433,-0.016699999999999993,1.95,0.24329999999999985,953.3333,0.04872020157945922,952.0,0.03964096951584395,135497.3333,0.004744417205282403,0
NY,2013Q2,2013-04-01,555.67,0.002648960436053116,232.045,-0.005106799221393565,0.1167,-0.026600000000000013,1.9967,0.046699999999999964,868.0,-0.09377286552040243,985.6667,0.03475323021106114,136082.6667,0.004310584773152826,0
NY,2013Q3,2013-07-01,558.25,0.004632297855335921,233.3,0.006489168705049231,0.0833,-0.0334,2.71,0.7133,882.3333,0.01637816112002266,988.3333,0.0027017240344768823,136619.3333,0.003935924876344643,0
NY,2013Q4,2013-10-01,557.25,-0.001792918454288639,234.1627,-0.0017028667855587543,0.0867,0.0034000000000000002,2.7467,0.03670000000000018,1009.0,0.13414514457323534,1026.0,0.03740303669381184,137243.3333,0.004557036470934861,0
NY,2014Q1,2014-01-01,557.57,0.0005740837243477515,235.621,0.00251741516916848,0.0733,-0.013399999999999995,2.7633,0.016599999999999948,934.0,-0.07723858212476564,1027.3333,0.0012986690347727148,137752.6667,0.003704301025585721,0
NY,2014Q2,2014-04-01,563.1,0.009869176270246527,236.8723,-0.0009118136123378306,0.0933,0.01999999999999999,2.6233,-0.14000000000000012,987.0,0.05519360120463901,1039.3333,0.011613034112283316,138553.3333,0.005795522652929819,0
NY,2014Q3,2014-07-01,571.17,0.014229656377121813,237.4783,-0.0027415218995301416,0.09,-0.0032999999999999974,2.4967,-0.12659999999999982,1030.6667,0.04329111394724716,1066.6667,0.025959102491937003,139301.3333,0.005384122686288961,0
NY,2014Q4,2014-10-01,574.23,0.005343124288433643,236.8883,-0.005042602386027717,0.1,0.010000000000000009,2.28,-0.21670000000000034,1049.3333,0.01794913572225365,1075.0,0.007782109192055131,140083.6667,0.005600411223202428,0
NY,2015Q1,2015-01-01,579.72,0.009515215428187673,235.355,-0.004006180580342189,0.11,0.009999999999999995,1.9667,-0.3132999999999999,977.0,-0.07142363706020038,1082.6667,0.00710650283987313,140772.6667,0.00490643293569093,0
NY,2015Q2,2015-04-01,584.56,0.008314199128646393,236.96,0.013290047385601689,0.1233,0.013300000000000006,2.1667,0.20000000000000018,1158.0,0.1699630060901578,1272.3333,0.16142529447689835,141481.0,0.005019136121720891,0
NY,2015Q3,2015-07-01,589.28,0.008042025213792492,237.855,-0.0030264441535337028,0.1367,0.013399999999999981,2.22,0.053300000000000125,1166.6667,0.007456329247883531,1149.6667,-0.10138038461589272,142130.3333,0.004579044335265792,0
NY,2015Q4,2015-10-01,590.22,0.0015938960559669368,237.837,-0.003845573011195924,0.16,0.023300000000000015,2.19,-0.03000000000000025,1125.3333,-0.03607144995393874,1205.0,0.04700749266211357,142821.3333,0.004849954820219438,0
NY,2016Q1,2016-01-01,593.25,0.005120546563150974,237.6893,-0.0005455272390388899,0.36,0.19999999999999998,1.92,-0.27,1142.6667,0.015285482794204164,1153.6667,-0.043534262064137685,143426.0,0.004224791144169515,0
NY,2016Q2,2016-04-01,602.68,0.0157704806172152,239.5903,0.008587229113127037,0.3733,0.013300000000000034,1.7533,-0.16669999999999985,1171.3333,0.0247779314002452,1191.0,0.03184798549468226,143967.0,0.0037648838978459054,0
NY,2016Q3,2016-07-01,610.92,0.013579641769156936,240.6073,-0.003730260039663591,0.3967,0.023399999999999976,1.5633,-0.19000000000000017,1159.3333,-0.010297574127372755,1234.0,0.03546763511003359,144716.0,0.005189094478540213,0
NY,2016Q4,2016-10-01,616.21,0.008621796825883266,242.1347,0.0020922763678568046,0.45,0.053300000000000014,2.13,0.5667,1235.0,0.06322587156811643,1244.0,0.008071068833791273,145218.6667,0.003467451542519484,0
NY,2017Q1,2017-01-01,617.67,0.002366519728634664,243.8387,0.0006847192618311126,0.7,0.24999999999999994,2.4433,0.3132999999999999,1217.0,-0.014682156074551145,1269.6667,0.020422430764979183,145814.6667,0.00409575649775995,0
NY,2017Q2,2017-04-01,627.32,0.015502443009461686,244.12,-0.005859791686013693,0.95,0.25,2.2633,-0.17999999999999972,1184.0,-0.027490277543575914,1270.6667,0.0007872982748269308,146379.3333,0.0038650164132896236,0
NY,2017Q3,2017-07-01,639.99,0.019995773965421293,245.287,0.003616079295716723,1.1533,0.20330000000000004,2.2433,-0.020000000000000018,1182.0,-0.0016906174779069971,1282.6667,0.009399546766082345,146899.6667,0.0035483887081060317,0
NY,2017Q4,2017-10-01,645.54,0.008634624602227525,247.2383,0.0031546494755501087,1.2033,0.050000000000000044,2.37,0.12670000000000003,1235.6667,0.04440274349256956,1322.0,0.030204471306618075,147348.0,0.003047321679519044,0
NY,2018Q1,2018-01-01,652.8,0.011183627816024,249.3217,0.0004676862781423097,1.4467,0.24340000000000006,2.76,0.3899999999999997,1298.0,0.04921395580542143,1341.0,0.014269862870047056,147998.0,0.004401624192917453,0
NY,2018Q2,2018-04-01,660.34,0.011484050240737176,250.679,-0.0029621758713087587,1.7367,0.2899999999999998,2.92,0.16000000000000014,1275.0,-0.017878439671508595,1353.6667,0.009401380360985812,148707.3333,0.004781408163449186,0
NY,2018Q3,2018-07-01,671.02,0.016044088896164155,251.6863,-0.0014189711510859127,1.9233,0.1866000000000001,2.9267,0.006699999999999928,1248.6667,-0.02086983656146124,1307.0,-0.035082550018442404,149218.3333,0.0034303892439613293,0
NY,2018Q4,2018-10-01,671.28,0.00038739477501525954,252.711,5.283795693422633e-05,2.22,0.2967000000000002,3.0333,0.10660000000000025,1165.6667,-0.06878314403985986,1309.6667,0.0020382427178970985,149651.0,0.002895358968281414,0
NY,2019Q1,2019-01-01,676.74,0.008100814318066973,253.3857,-0.0013967820881735094,2.4033,0.18330000000000002,2.6533,-0.3799999999999999,1179.3333,0.011656080795859225,1278.3333,-0.024215557284491318,150140.6667,0.0032667161221926477,0
NY,2019Q2,2019-04-01,687.97,0.016458080451589474,255.2473,0.0046537548942557905,2.3967,-0.006600000000000161,2.3333,-0.3200000000000003,1269.3333,0.0735425231955773,1322.6667,0.0340928058806389,150682.3333,0.003601235180829221,0
NY,2019Q3,2019-07-01,698.03,0.014516849449984548,256.0893,-0.004026712692899004,2.19,-0.2067000000000001,1.7967,-0.5366,1308.6667,0.03051703065687228,1443.3333,0.08730530429547123,151157.0,0.0031451639260939857,0
NY,2019Q4,2019-10-01,705.39,0.01048875956616957,257.888,0.003705837709737203,1.6433,-0.5467,1.7933,-0.0034000000000000696,1408.6667,0.07363482153141643,1500.3333,0.03873205317380002,151640.3333,0.003192456850491965,0
NY,2020Q1,2020-01-01,712.0,0.009327070064351517,258.8177,-0.0034005996368007274,1.26,-0.3833,1.3767,-0.41659999999999986,1465.3333,0.03943907093651866,1432.0,-0.04661521488694653,151739.6667,0.0006548447725602813,1
NY,2020Q2,2020-04-01,717.88,0.008224512749100299,256.292,-0.013405104135240542,0.06,-1.2,0.6867,-0.6900000000000001,1080.3333,-0.3048131204886859,1220.0,-0.16022120979328847,133712.3333,-0.1264756074603639,1
NY,2020Q3,2020-07-01,729.63,0.016235132174759137,259.2217,0.021172794056683486,0.0933,0.033299999999999996,0.65,-0.036699999999999955,1465.0,0.3045856378324041,1571.6667,0.253285789881053,140615.3333,0.05033730369134837,1
NY,2020Q4,2020-10-01,745.71,0.02179922834258452,261.0917,-0.004178254145169369,0.09,-0.0032999999999999974,0.8633,0.21329999999999993,1566.6667,0.06709499885546855,1689.3333,0.07219730543291458,142580.3333,0.013877553703624201,1
NY,2021Q1,2021-01-01,763.39,0.023432256254275252,263.7423,0.002912796934854356,0.08,-0.009999999999999995,1.3167,0.4534,1576.6667,0.006362693652882001,1774.0,0.04890292982825439,143491.6667,0.006371378414680606,1
NY,2021Q2,2021-04-01,790.62,0.0350484068525212,268.5503,0.007964939971683904,0.07,-0.009999999999999995,1.5933,0.27659999999999996,1578.0,0.0008452874463014126,1692.6667,-0.04693166958021866,145157.3333,0.011541249676387366,1
NY,2021Q3,2021-07-01,830.28,0.0489455455135035,272.8297,-0.002256185860151305,0.09,0.01999999999999999,1.3233,-0.27,1589.3333,0.007156397698102168,1678.0,-0.008702606262154688,147282.3333,0.014533167999211116,1
NY,2021Q4,2021-10-01,849.0,0.022296193012627974,278.7713,0.005734383850272806,0.08,-0.009999999999999995,1.5367,0.21340000000000003,1668.6667,0.04871030419571731,1797.0,0.06851599975640799,149206.0,0.012976522026251658,1
NY,2022Q1,2022-01-01,870.62,0.02514641520551386,284.9057,0.00022257451258500538,0.12,0.039999999999999994,1.94,0.4033,1716.3333,0.028165288657145737,1881.6667,0.04603931884688528,150715.3333,0.010064946198092173,1
NY,2022Q2,2022-04-01,919.05,0.05413492632291206,291.6053,0.0014764113159460024,0.77,0.65,2.93,0.9900000000000002,1634.0,-0.04915921653683597,1766.6667,-0.0630633758904171,151968.3333,0.008279317952810672,1
NY,2022Q3,2022-07-01,937.84,0.020238830923799078,295.453,-0.010134331038405442,2.19,1.42,3.1067,0.17669999999999986,1466.6667,-0.1080387214544336,1620.0,-0.08666840151359789,153338.6667,0.00897681744701373,1
NY,2022Q4,2022-10-01,933.21,-0.00494910285716621,298.5417,-0.0027087463644894783,3.6533,1.4633000000000003,3.83,0.7233,1389.0,-0.05440821121117079,1468.3333,-0.0982982012257354,154174.3333,0.0054350135252043685,1
NY,2023Q1,2023-01-01,934.26,0.0011245161749817711,301.2303,-0.0014343829181848733,4.5167,0.8634,3.6467,-0.18330000000000002,1379.0,-0.0072254649610421495,1502.6667,0.023113381673648625,154992.0,0.005289506122615251,1
NY,2023Q2,2023-04-01,969.25,0.03676780446965022,303.3977,-0.001796069248992893,4.99,0.47330000000000005,3.5933,-0.05339999999999989,1453.0,0.05227178577698055,1504.3333,0.0011084803263390341,155636.6667,0.004150728472065879,1
NY,2023Q3,2023-07-01,1002.21,0.03344026397309907,305.989,0.0013352698010988817,5.26,0.2699999999999996,4.15,0.5567000000000002,1382.6667,-0.04961635878097059,1540.0,0.02343260640699274,156240.3333,0.003871188666582981,1
NY,2023Q4,2023-10-01,1003.45,0.0012365008605543792,308.195,-0.0013211215306911939,5.33,0.07000000000000028,4.44,0.29000000000000004,1467.6667,0.05965983501011962,1516.6667,-0.015267450152766315,156712.0,0.0030143060584215675,1
NY,2024Q1,2024-01-01,1014.01,0.010468704650747007,311.0033,0.001887277603742632,5.33,0.0,4.16,-0.28000000000000025,1415.0,-0.036544329722093316,1532.6667,0.01049419314869482,157245.3333,0.0033974923115458466,1
NY,2024Q2,2024-04-01,1052.36,0.0371224940465229,313.0807,-0.002413361803679237,5.33,0.0,4.4433,0.28329999999999966,1342.6667,-0.052471820080779,1442.3333,-0.06074700995752824,157611.0,0.002322753749755435,1
NY,2024Q3,2024-07-01,1073.49,0.019879761869778356,314.121,-0.0033401845150260456,5.2633,-0.06669999999999998,3.9467,-0.49659999999999993,1337.6667,-0.0037308834787390666,1448.6667,0.004381466711854465,157805.6667,0.0012343464709907437,1
NY,2024Q4,2024-10-01,1082.46,0.00832120574102646,316.5877,0.00450475719563137,4.65,-0.6132999999999997,4.2833,0.3365999999999998,1387.0,0.03621631379701107,1472.0,0.01597840413089191,158113.3333,0.0019477568444283833,1
NY,2025Q1,2025-01-01,1092.27,0.009021870797413456,319.475,0.0012566926772263898,4.33,-0.3200000000000003,4.4533,0.16999999999999993,1401.0,0.010043126022175386,1465.0,-0.0047667778376538905,158318.3333,0.0012956985682421873,1
NY,2025Q2,2025-04-01,1129.01,0.03308304301618126,320.7857,-0.0049844516426169605,4.33,0.0,4.36,-0.09329999999999927,1354.0,-0.03412309286478621,1403.0,-0.04324244134870625,158487.0,0.0010647972000938921,1
NY,2025Q3,2025-07-01,1147.77,0.01647978686866658,323.235,0.003512038479817292,4.2933,-0.03669999999999973,4.2567,-0.10329999999999995,1346.3333,-0.005678351335521192,1369.0,-0.024532254814012333,158520.6667,0.00021240306568515166,1
NY,2025Q4,2025-10-01,1150.44,0.002323548501877326,325.547,-0.0004790823209113171,3.8967,-0.3966000000000003,4.0967,-0.16000000000000014,1327.6667,-0.013961782516461518,1418.0,0.03516688180362415,158429.6667,-0.0005742224753273462,1
OH,1975Q1,1975-01-01,65.05,,52.5667,-0.009099038907365298,6.3033,-3.0434,7.54,-0.1299999999999999,976.3333,-0.047342240317117756,721.3333,-0.13468599966111405,76953.0,-0.015848859268690063,0
OH,1975Q2,1975-04-01,64.73,-0.0049314324010953925,53.2,-0.00917228589383301,5.42,-0.8833000000000002,8.05,0.5100000000000007,1071.0,0.09254404642947112,908.6667,0.23087705518461288,76535.0,-0.005446693336045527,0
OH,1975Q3,1975-07-01,64.35,-0.005887838515283406,54.2667,0.007876825871649729,6.16,0.7400000000000002,8.2967,0.2466999999999988,1250.0,0.15455075984859779,1026.0,0.12144466545856147,77050.3333,0.006710734975589716,0
OH,1975Q4,1975-10-01,65.97,0.024863159192643813,55.2667,-0.001592604784701912,5.4133,-0.7467000000000006,8.0633,-0.2333999999999996,1341.6667,0.07076909573292767,1099.0,0.06873292867290637,77747.3333,0.009005364559596885,0
OH,1976Q1,1976-01-01,66.48,0.00770105731241344,55.9,-0.00686595502661369,4.8267,-0.5865999999999998,7.7533,-0.3099999999999996,1442.0,0.07211839181562052,1183.0,0.07365290957476578,78789.0,0.01330914113220949,0
OH,1976Q2,1976-04-01,68.68,0.03255688548208191,56.4,-0.0024890446488816664,5.1967,0.3700000000000001,7.7733,0.019999999999999574,1449.6667,0.005302629078425269,1171.3333,-0.00991091235705266,79326.6667,0.006800955068033687,0
OH,1976Q3,1976-07-01,71.22,0.03631564182035696,57.3,0.006926686873720556,5.2833,0.08659999999999979,7.73,-0.04329999999999945,1557.0,0.07142722491067843,1345.0,0.1382513404146053,79714.3333,0.0048750620001243306,0
OH,1976Q4,1976-10-01,72.29,0.014912129162573784,58.1333,-0.001393439525265272,4.8733,-0.40999999999999925,7.19,-0.54,1691.3333,0.08275625994880187,1489.0,0.10171074064806973,80199.6667,0.006069948724258367,0
OH,1977Q1,1977-01-01,73.08,0.010868924497600574,59.2,0.0037448667864357077,4.66,-0.21330000000000027,7.3533,0.16329999999999956,1844.3333,0.08660070437382128,1562.0,0.047862297715622226,81023.0,0.010213705979891685,0
OH,1977Q2,1977-04-01,75.11,0.02739897418811399,60.2333,-0.0008790788413230999,5.1567,0.4966999999999997,7.37,0.01670000000000016,1918.6667,0.039512660555702794,1693.3333,0.08073190181974699,82101.3333,0.01322119129442001,0
OH,1977Q3,1977-07-01,78.89,0.04910077140907809,61.0667,-0.0035624597397170277,5.82,0.6633000000000004,7.3567,-0.01330000000000009,2009.0,0.0460065681026105,1713.6667,0.011936390619484705,83147.0,0.012655869335640446,0
OH,1977Q4,1977-10-01,81.18,0.0286144343037531,61.9667,0.0008890806626480341,6.5133,0.6932999999999998,7.5967,0.2400000000000002,2075.3333,0.03248468145683159,1761.0,0.027246485657342667,84127.6667,0.011725361106103449,0
OH,1978Q1,1978-01-01,83.14,0.02385702241373977,63.0333,0.00243557963321539,6.7567,0.24340000000000028,8.01,0.41329999999999956,1829.3333,-0.12617018375572986,1758.3333,-0.0015154577773941469,85000.6667,0.010323613269429543,0
OH,1978Q2,1978-04-01,86.53,0.03996524079415664,64.4667,0.005419639045925351,7.2833,0.5265999999999993,8.32,0.3100000000000005,2114.0,0.14463030391414655,1899.0,0.07696106009347403,86540.3333,0.017951486198549915,0
OH,1978Q3,1978-07-01,89.05,0.02870683511702321,65.9667,0.0005156045933603082,8.1,0.8167,8.49,0.16999999999999993,2019.3333,-0.045814480018208315,1742.6667,-0.08591090560850922,87436.0,0.010296510980237983,0
OH,1978Q4,1978-10-01,91.42,0.02626626316792713,67.5,-2.372919946846963e-05,9.5833,1.4832999999999998,8.82,0.33000000000000007,2039.6667,0.010019004724995284,1798.0,0.031258409827788824,88339.3333,0.010278361994558338,0
OH,1979Q1,1979-01-01,95.67,0.04544049678647788,69.2,0.0018957361126483718,10.0733,0.4900000000000002,9.1067,0.28669999999999973,1665.6667,-0.20256094844886796,1557.6667,-0.1434859395997199,89114.0,0.008730989795115107,0
OH,1979Q2,1979-04-01,98.38,0.027932761677117668,71.4,0.006423741976774977,10.18,0.10670000000000002,9.1133,0.006600000000000605,1845.6667,0.10261510352707681,1640.3333,0.051710456444950204,89771.3333,0.007349247101450018,0
OH,1979Q3,1979-07-01,99.18,0.00809884969379393,73.7,0.00040792312783732854,10.9467,0.7667000000000002,9.1033,-0.009999999999999787,1790.0,-0.03062494738037813,1587.6667,-0.032633998748874404,90281.3333,0.005665024279407405,0
OH,1979Q4,1979-10-01,100.73,0.015507288893601867,76.0333,-0.0005363268271159072,13.5767,2.630000000000001,10.4467,1.343399999999999,1567.6667,-0.1326272842948395,1337.0,-0.17183715602597793,90575.3333,0.0032511962594341526,0
OH,1980Q1,1980-01-01,100.0,-0.007273483966497629,79.0333,0.00752927739962761,15.0467,1.4699999999999989,11.9867,1.540000000000001,1246.0,-0.22964991519256284,1155.6667,-0.14575089124164986,90892.3333,0.003493738894499998,0
OH,1980Q2,1980-04-01,99.75,-0.0025031302181188764,81.7,-0.005513161196498473,12.6867,-2.3599999999999994,10.4767,-1.5100000000000016,1058.0,-0.16355808692915375,929.0,-0.2183239470464553,90456.6667,-0.004804740452195588,0
OH,1980Q3,1980-07-01,102.13,0.023579455820034845,83.2333,-0.014591212954761623,9.8367,-2.8499999999999996,10.9533,0.47660000000000124,1392.0,0.27436122847612054,1370.0,0.3884572800083328,90050.6667,-0.0044984397808374155,0
OH,1980Q4,1980-10-01,103.36,0.011971528444283841,85.5667,0.00905517436074188,15.8533,6.0166,12.4233,1.4699999999999989,1505.0,0.0780513362886106,1332.6667,-0.027628767417429145,90726.6667,0.00747884857227632,0
OH,1981Q1,1981-01-01,103.17,-0.0018399269220070735,87.9333,-0.0003662968604762895,16.57,0.7166999999999994,12.96,0.5367000000000015,1366.3333,-0.09666216974294262,1201.0,-0.10402742932475828,91116.0,0.0042820961876319785,0
OH,1981Q2,1981-04-01,103.56,0.003773041771052199,89.7667,-0.00664687382878526,17.78,1.2100000000000009,13.75,0.7899999999999991,1181.6667,-0.14520482893317066,1113.0,-0.07609547080443857,91356.3333,0.0026341904509621372,0
OH,1981Q3,1981-07-01,103.25,-0.0029979230421943726,92.2667,0.006833703922071166,17.5767,-0.20330000000000226,14.8467,1.0967000000000002,964.0,-0.20358988389631705,890.3333,-0.22321846427285585,91547.6667,0.002092173706337519,0
OH,1981Q4,1981-10-01,100.13,-0.03068389012143058,93.7667,-0.01134272789157631,13.5867,-3.9899999999999984,14.0867,-0.7599999999999998,873.3333,-0.09877402469145213,758.3333,-0.1604728882417925,91148.6667,-0.004367910695734167,0
OH,1982Q1,1982-01-01,88.98,-0.11805771634181639,94.6,-0.007278792235141829,14.2267,0.6399999999999988,14.2933,0.2065999999999999,880.0,0.007604637553158433,831.0,0.09150679609455192,90520.6667,-0.006913687519293887,0
OH,1982Q2,1982-04-01,96.43,0.08040573114439731,95.9667,0.005496086497117858,14.5133,0.28659999999999997,13.93,-0.3633000000000006,948.0,0.07443259478276953,918.0,0.09956759576504215,90040.6667,-0.005316765463355466,0
OH,1982Q3,1982-07-01,98.91,0.025392989229456653,97.6333,0.0028735872243261795,11.0067,-3.506599999999999,13.1167,-0.8132999999999999,1118.6667,0.16553830646134315,1004.0,0.08954990963118359,89355.6667,-0.007636759527017034,0
OH,1982Q4,1982-10-01,102.85,0.03906127034721685,97.9333,-0.014149356507337174,9.2867,-1.7200000000000006,10.6667,-2.4499999999999993,1282.6667,0.13680374038864862,1243.0,0.2135357912590372,88821.3333,-0.005997799960981709,0
OH,1983Q1,1983-01-01,102.39,-0.0044825645122408275,98.0,-0.002387166985384326,8.6533,-0.6334,10.5633,-0.1034000000000006,1630.3333,0.23984320232051726,1457.3333,0.15908044624478102,88999.0,0.0019982727039451476,0
OH,1983Q2,1983-04-01,105.34,0.028404162468517846,99.1333,0.010817086473278614,8.8033,0.15000000000000036,10.5433,-0.019999999999999574,1660.3333,0.01823389290335342,1668.0,0.1350170451631998,89676.3333,0.007581757728788219,0
OH,1983Q3,1983-07-01,106.06,0.0068117576537405355,100.1,-0.0017936532290745433,9.46,0.6567000000000007,11.6267,1.0833999999999993,1801.6667,0.08169381557770272,1697.6667,0.017629474932594924,90604.3333,0.01029514938074172,0
OH,1983Q4,1983-10-01,105.77,-0.0027380463690223067,101.1,0.00023616249448732418,9.43,-0.030000000000001137,11.6867,0.0600000000000005,1729.3333,-0.04097622241361254,1670.3333,-0.01623159151576914,91875.0,0.013926916709511517,0
OH,1984Q1,1984-01-01,106.01,0.0022665039450444624,102.5333,0.004137058134120686,9.6867,0.2567000000000004,11.9433,0.2566000000000006,1940.0,0.11495201456440007,1842.6667,0.09819062853360272,93086.3333,0.013098420056078197,0
OH,1984Q2,1984-04-01,107.2,0.011162819351695497,103.5,-0.004693508999745966,10.5567,0.8699999999999992,13.2,1.2566999999999986,1822.6667,-0.06238732459342167,1777.0,-0.0362872667144698,94123.0,0.011075059965255818,0
OH,1984Q3,1984-07-01,107.23,0.00027981159535261924,104.4,-0.0007259260965106762,11.39,0.8333000000000013,12.8667,-0.3332999999999995,1672.0,-0.08628013381930533,1552.6667,-0.13495264491003311,95055.0,0.009853233889254298,0
OH,1984Q4,1984-10-01,107.42,0.0017703242452595802,105.3,-7.431905172428088e-05,9.2667,-2.1233000000000004,11.7433,-1.1234000000000002,1630.3333,-0.025236042219116683,1586.3333,0.021451348195564712,95906.0,0.008912873660738896,0
OH,1985Q1,1985-01-01,108.05,0.005847698475581531,106.2667,0.0005548090928666483,8.4767,-0.7900000000000009,11.5833,-0.16000000000000014,1714.3333,0.050239786237371575,1683.0,0.059152662750623364,96572.3333,0.006923750330562584,0
OH,1985Q2,1985-04-01,109.27,0.01122780062975881,107.2333,-8.368998023833285e-05,7.9233,-0.553399999999999,10.8133,-0.7699999999999996,1725.6667,0.0065892098870961036,1696.3333,0.00789112407969128,97269.6667,0.007194894895917514,0
OH,1985Q3,1985-07-01,110.6,0.012098205505580495,107.9,-0.002856825268136909,7.9,-0.023299999999999876,10.3367,-0.47659999999999947,1701.0,-0.01439715515413642,1807.0,0.06319897232173144,97844.3333,0.005890589723932749,0
OH,1985Q4,1985-10-01,111.45,0.0076559707436434365,109.0,0.003944972429172466,8.1033,0.20330000000000048,9.76,-0.5767000000000007,1824.6667,0.0701810268048293,1743.0,-0.03606024507220784,98428.3333,0.005950922597339314,0
OH,1986Q1,1986-01-01,112.93,0.013192097903701239,109.5667,-0.004957395963400835,7.8267,-0.27660000000000107,8.5567,-1.2033000000000005,1898.6667,0.03975456277919065,1798.0,0.031067169511544535,98837.6667,0.004150071350347062,0
OH,1986Q2,1986-04-01,114.49,0.013719325200141519,109.0333,-0.010065770073175884,6.92,-0.9066999999999998,7.6033,-0.9533999999999994,1878.0,-0.010944522211673302,1815.0,0.009410531667385591,99174.6667,0.0034038316663291823,0
OH,1986Q3,1986-07-01,116.33,0.01594349689295438,109.7,0.01097618319343141,6.2067,-0.7133000000000003,7.3067,-0.29659999999999975,1758.6667,-0.06565141564535981,1730.6667,-0.04757875772273401,99665.0,0.004931956505972224,0
OH,1986Q4,1986-10-01,117.88,0.013236178040818558,110.4667,0.0008687236713633695,6.2667,0.0600000000000005,7.2633,-0.043400000000000105,1712.3333,-0.026699021790305366,1740.6667,0.005761490764498056,100312.6667,0.006477412955078421,0
OH,1987Q1,1987-01-01,120.09,0.018574303803098324,111.8,0.005032691853267934,6.22,-0.04670000000000041,7.1933,-0.07000000000000028,1761.3333,0.028214135716505773,1694.3333,-0.026978870635343988,100920.3333,0.006039451253530004,0
OH,1987Q2,1987-04-01,122.55,0.020277648301529894,113.0667,-0.0007310933066237979,6.65,0.4300000000000006,8.3433,1.1499999999999995,1612.0,-0.08859543498247557,1541.0,-0.09485777378525562,101709.0,0.007784368330895575,0
OH,1987Q3,1987-07-01,124.92,0.019154422440755603,114.2667,-0.0007090696300746657,6.8433,0.1932999999999998,8.8767,0.5334000000000003,1625.0,0.008032171697264445,1513.6667,-0.017896570868693118,102438.0,0.007141942802919132,0
OH,1987Q4,1987-10-01,126.15,0.009798142672189591,115.3333,-0.0012662721083689377,6.9167,0.07339999999999947,9.1233,0.24660000000000082,1523.6667,-0.06438808322315204,1416.3333,-0.06646363653967047,103390.3333,0.009253731792281172,0
OH,1988Q1,1988-01-01,128.41,0.017756594756115796,116.2333,-0.0015178267397164547,6.6633,-0.25340000000000007,8.4167,-0.7065999999999999,1425.3333,-0.06671405145020248,1402.3333,-0.009933856759248627,104152.0,0.007339901285662975,0
OH,1988Q2,1988-04-01,131.07,0.020503261788271665,117.5667,0.003633273005188009,7.1567,0.4934000000000003,8.91,0.4932999999999996,1490.6667,0.04481778843770101,1452.6667,0.035263478630257694,105006.6667,0.008172469927822945,0
OH,1988Q3,1988-07-01,132.29,0.00926495084283463,119.0,0.0007112071436514711,7.9833,0.8266,9.1,0.1899999999999995,1484.0,-0.004482324800858528,1445.0,-0.0052916492362280465,105745.6667,0.007012999731744074,0
OH,1988Q4,1988-10-01,133.47,0.008880251011770923,120.3,-0.0012525311414925966,8.47,0.4867000000000008,8.9567,-0.14329999999999998,1551.3333,0.04437360997990858,1508.3333,0.04289594481993664,106597.0,0.008018528491952281,0
OH,1989Q1,1989-01-01,135.12,0.012286539013484976,121.6667,0.0004315860372097191,9.4433,0.9733,9.2067,0.25,1489.3333,-0.040786184567632056,1354.3333,-0.107695962659208,107403.0,0.007532745898924276,0
OH,1989Q2,1989-04-01,136.44,0.00972168505090032,123.6333,0.0047378714196870675,9.7267,0.28339999999999854,8.7733,-0.4333999999999989,1355.6667,-0.09403520731233961,1359.6667,0.003930292457999585,107910.3333,0.0047125204103473095,0
OH,1989Q3,1989-07-01,139.35,0.021103796377511586,124.6,-0.008245907185595591,9.0833,-0.6433999999999997,8.1067,-0.6666000000000007,1346.0,-0.0071561316225894345,1310.3333,-0.036958063850330625,108186.0,0.0025513329663997553,0
OH,1989Q4,1989-10-01,140.34,0.007079295896185833,125.8667,0.0023261239399516853,8.6133,-0.46999999999999886,7.9067,-0.20000000000000018,1337.3333,-0.006459674716181141,1377.0,0.04962568741372397,108688.0,0.0046294244266587015,0
OH,1990Q1,1990-01-01,141.96,0.011477277954153209,128.0333,0.006952171820781672,8.25,-0.3633000000000006,8.4233,0.5165999999999995,1425.6667,0.06396200745118108,1441.0,0.04543009727086744,109424.0,0.006748851906793973,0
OH,1990Q2,1990-04-01,143.22,0.008836581800498067,129.3,-0.00722207645817452,8.2433,-0.006700000000000372,8.6767,0.25340000000000096,1212.3333,-0.1620927141159827,1103.6667,-0.2666993169180296,109784.0,0.003284554611592938,0
OH,1990Q3,1990-07-01,145.19,0.013661319916802306,131.5333,0.00727986627841215,8.16,-0.08329999999999949,8.7033,0.02660000000000018,1132.0,-0.068560870060562,1041.0,-0.05845621046652294,109648.0,-0.0012395641238640565,0
OH,1990Q4,1990-10-01,145.53,0.002339021429638599,133.7667,-0.0002875794257013453,7.7433,-0.4167000000000005,8.3967,-0.3066000000000013,1042.6667,-0.0822044137967275,909.0,-0.1355919744374905,109255.6667,-0.003584533105373211,0
OH,1991Q1,1991-01-01,147.21,0.01147788784468684,134.7667,-0.009389288770869086,6.4267,-1.3165999999999993,8.0167,-0.379999999999999,894.6667,-0.1530855982851147,850.0,-0.06710874469311623,108787.0,-0.0042988597493067715,0
OH,1991Q2,1991-04-01,149.22,0.013561588273446112,135.5667,-0.0015292627179492868,5.8633,-0.5634000000000006,8.13,0.11330000000000062,1011.0,0.12224397233918527,957.0,0.1185670419685918,108311.0,-0.004385123425938886,0
OH,1991Q3,1991-07-01,150.25,0.00687884637194891,136.6,0.001674542203309315,5.6433,-0.21999999999999975,7.94,-0.1900000000000004,1042.3333,0.030521817789726846,963.6667,0.0069420964853890155,108308.3333,-2.4621071069930167e-05,0
OH,1991Q4,1991-10-01,152.47,0.014667281968498536,137.7333,0.0006690824169366394,4.8167,-0.8266,7.3467,-0.5933000000000002,1087.0,0.04195985031101124,1012.0,0.04893836190906775,108330.3333,0.00020310317101568387,0
OH,1992Q1,1992-01-01,154.15,0.01095829894834388,138.6667,-0.001508254013153909,4.0233,-0.7934000000000001,7.3033,-0.043400000000000105,1241.0,0.13249589808339746,1101.6667,0.08489564402745131,108348.0,0.00016306845054714358,0
OH,1992Q2,1992-04-01,155.19,0.006724018351373928,139.7333,0.0009083883973879381,3.77,-0.25329999999999986,7.3767,0.07339999999999947,1152.6667,-0.07383937871103186,1055.6667,-0.04265170442870936,108622.6667,0.002531833919299231,0
OH,1992Q3,1992-07-01,157.32,0.013631774880075831,140.8,-5.755587647016114e-05,3.2567,-0.5133000000000001,6.6167,-0.7599999999999998,1183.6667,0.026538865942484335,1092.6667,0.034448711695918455,108886.6667,0.002427483230370342,0
OH,1992Q4,1992-10-01,158.84,0.009615458699442136,142.0333,0.0011162554922270473,3.0367,-0.21999999999999975,6.7433,0.12659999999999982,1228.3333,0.03704121638222535,1142.0,0.04415988907388435,109308.0,0.0038619992876611775,0
OH,1993Q1,1993-01-01,159.59,0.004710620148044242,143.0667,-0.0014716754981103364,3.04,0.0032999999999998586,6.28,-0.4632999999999994,1167.6667,-0.0506507257419484,1127.0,-0.013221876176179315,109947.0,0.0058288459482476185,0
OH,1993Q2,1993-04-01,161.43,0.011463585758342276,144.1,-5.2870003525384845e-05,3.0,-0.040000000000000036,5.99,-0.29000000000000004,1266.0,0.08085483962778461,1115.3333,-0.010405951047548712,110537.6667,0.005357906487287067,0
OH,1993Q3,1993-07-01,163.37,0.011945954868979314,144.7667,-0.002580569802709931,3.06,0.06000000000000005,5.6167,-0.3733000000000004,1299.0,0.025732413966478518,1218.3333,0.08833049316375963,111234.0,0.006279752492302393,0
OH,1993Q4,1993-10-01,165.36,0.01210734833509619,145.9667,0.0036390542508861756,2.99,-0.06999999999999984,5.6067,-0.009999999999999787,1433.6667,0.09864055069543376,1368.3333,0.116109652701895,112015.3333,0.0069996759103094774,0
OH,1994Q1,1994-01-01,167.22,0.011185395348398686,146.7,-0.0032438607265552477,3.2133,0.2232999999999996,6.0667,0.45999999999999996,1391.0,-0.030212375442590478,1333.6667,-0.025661363675006044,112876.0,0.007654104666782402,0
OH,1994Q2,1994-04-01,169.97,0.01631164016734843,147.5333,0.0006530562151585428,3.94,0.7267000000000001,7.0833,1.0166000000000004,1466.6667,0.05296936204207192,1381.6667,0.035358457843861046,113916.6667,0.009177316172959138,0
OH,1994Q3,1994-07-01,170.94,0.005690666848611414,148.9,0.0035567988165539077,4.4867,0.5467,7.3333,0.25,1454.3333,-0.008444692430024325,1374.6667,-0.005079222309694487,114918.6667,0.008757444831235972,0
OH,1994Q4,1994-10-01,172.4,0.008504740491721563,149.7667,-0.003417216392334943,5.1667,0.6799999999999997,7.8367,0.5034000000000001,1472.0,0.012074437753330614,1377.6667,0.0021799693220794225,115832.6667,0.007921989152466224,0
OH,1995Q1,1995-01-01,173.44,0.006014360021688425,150.8667,0.0015141052140750233,5.81,0.6433,7.4833,-0.3534000000000006,1324.0,-0.1059645627918675,1254.0,-0.0940528288462561,116702.3333,0.007479911882082746,0
OH,1995Q2,1995-04-01,176.7,0.018621661074369023,152.1,0.0008236182877654485,6.02,0.20999999999999996,6.62,-0.8632999999999997,1287.3333,-0.0280845880699232,1278.3333,0.01921867786476117,117134.3333,0.0036948909489780135,0
OH,1995Q3,1995-07-01,179.8,0.017391742711869718,152.8667,-0.0031134332429223477,5.7967,-0.22329999999999917,6.3233,-0.2967000000000004,1415.3333,0.09479218161648273,1387.0,0.08158602125720371,117633.6667,0.004253851913068374,0
OH,1995Q4,1995-10-01,182.01,0.01221650858479606,153.7,0.0004082501885553924,5.72,-0.07670000000000066,5.8933,-0.4299999999999997,1417.3333,0.0014120972318707459,1424.0,0.026326671657090017,118172.0,0.004565914320709297,0
OH,1996Q1,1996-01-01,184.66,0.014454665722165139,155.0667,0.003416345659204012,5.3633,-0.3567,5.91,0.01670000000000016,1460.6667,0.03011582703254767,1414.6667,-0.006575857343480429,118682.3333,0.004309265383668048,0
OH,1996Q2,1996-04-01,186.35,0.009110329580785503,156.4,-0.00029121521960639996,5.2433,-0.1200000000000001,6.72,0.8099999999999996,1495.6667,0.023679085286547163,1449.6667,0.02443971229487918,119475.0,0.006656688803452937,0
OH,1996Q3,1996-07-01,187.72,0.007324865000949643,157.3,-0.0028234992205051768,5.3067,0.06340000000000057,6.78,0.0600000000000005,1501.3333,0.003781519354451035,1418.3333,-0.021851218085718216,120205.6667,0.0060970204524330995,0
OH,1996Q4,1996-10-01,189.59,0.009912354887730679,158.6667,0.0029129836300674228,5.28,-0.026699999999999946,6.3433,-0.4367000000000001,1417.0,-0.05781161925824918,1393.6667,-0.017544262231424135,120918.3333,0.005911221406389444,0
OH,1997Q1,1997-01-01,192.04,0.012839837848792612,159.6333,-0.0025774313618391886,5.2767,-0.0033000000000003027,6.5633,0.21999999999999975,1432.6667,0.010995572110300778,1421.0,0.019422661490922977,121673.3333,0.006224471336761184,0
OH,1997Q2,1997-04-01,193.61,0.008142142738334357,160.0,-0.00377902885599557,5.5233,0.24659999999999993,6.6967,0.13339999999999996,1476.0,0.029798193359436453,1412.3333,-0.0061176897402566155,122555.0,0.007220051155632845,0
OH,1997Q3,1997-07-01,196.27,0.013645435896913582,160.8,0.002693036145784866,5.5333,0.009999999999999787,6.2433,-0.45340000000000025,1457.6667,-0.012498719548010406,1461.0,0.033877973393855676,123258.6667,0.005725219687899852,0
OH,1997Q4,1997-10-01,198.68,0.012204227941161605,161.6667,0.00038791019901385226,5.5067,-0.02659999999999929,5.9067,-0.3365999999999998,1532.0,0.049737064688128996,1474.6667,0.009310865387339717,124232.6667,0.007871023321367687,0
OH,1998Q1,1998-01-01,201.02,0.01170891535744456,162.0,-0.0033159249325889206,5.52,0.013299999999999201,5.5867,-0.3199999999999994,1558.6667,0.01725670500911214,1602.3333,0.08302888128481545,124996.0,0.006125584965582576,0
OH,1998Q2,1998-04-01,202.93,0.009456686392283586,162.5333,0.0012270418430011532,5.5,-0.019999999999999574,5.5967,0.009999999999999787,1572.3333,0.008729918106587853,1550.6667,-0.03277591195627938,125788.6667,0.006321513592599359,0
OH,1998Q3,1998-07-01,205.4,0.012098205505580495,163.3667,0.0018278948140482143,5.5333,0.03329999999999966,5.2033,-0.39340000000000064,1631.3333,0.036836961485087194,1613.6667,0.03982407546189837,126500.6667,0.005644328126528819,0
OH,1998Q4,1998-10-01,207.62,0.010750188270641559,164.1333,-0.00043292816662976463,4.86,-0.6732999999999993,4.67,-0.5332999999999997,1722.3333,0.05428228536416135,1711.0,0.058568951963719584,127255.3333,0.005947988027214635,0
OH,1999Q1,1999-01-01,209.8,0.010445210197096877,164.7333,-0.0010326352839786779,4.7333,-0.12670000000000048,4.9833,0.3132999999999999,1709.3333,-0.007576529833868584,1705.6667,-0.003121934212511057,128016.6667,0.005964897500332356,0
OH,1999Q2,1999-04-01,211.64,0.008732022073734136,165.9667,0.003810463300492728,4.7467,0.013399999999999856,5.54,0.5567000000000002,1574.3333,-0.08227153037659285,1647.3333,-0.034798262033959304,128830.6667,0.006338416789947843,0
OH,1999Q3,1999-07-01,212.29,0.0030665464079797644,167.2,-5.582845734686259e-05,5.0933,0.34660000000000046,5.8833,0.34330000000000016,1650.6667,0.04734738583515963,1634.6667,-0.007718868306268334,129588.3333,0.005863878205810025,0
OH,1999Q4,1999-10-01,213.67,0.006479504310986428,168.4333,-5.4409750155137715e-05,5.3067,0.21340000000000003,6.14,0.2566999999999995,1654.6667,0.0024203319112494626,1668.0,0.020186373579237582,130475.6667,0.006823988274847537,0
OH,2000Q1,2000-01-01,215.88,0.010289928995544706,170.1,0.002497548597422572,5.6767,0.3700000000000001,6.48,0.34000000000000075,1659.0,0.002615412389011418,1690.0,0.013103224998427088,131245.0,0.005879058200426002,0
OH,2000Q2,2000-04-01,218.47,0.011926007587559795,171.4333,-0.0020389034024361763,6.2733,0.5965999999999996,6.1767,-0.3033000000000001,1586.6667,-0.04457961062468474,1570.6667,-0.07322835003139616,132017.3333,0.0058674213363811845,0
OH,2000Q3,2000-07-01,221.15,0.012192498976334676,173.0,0.0012895545521987017,6.52,0.2466999999999997,5.8933,-0.2834000000000003,1503.6667,-0.05372880865743923,1554.6667,-0.0102389970826815,132266.3333,0.001884339481748043,0
OH,2000Q4,2000-10-01,224.0,0.012804847540703435,174.2333,-0.0019937135854419807,6.4733,-0.04669999999999952,5.5667,-0.3266,1544.0,0.026469859676401697,1578.0,0.014897040602777523,132541.3333,0.0020769798880060364,0
OH,2001Q1,2001-01-01,228.26,0.01883927827041454,175.9,0.0024168347684545566,5.5933,-0.8799999999999999,5.05,-0.5167000000000002,1605.0,0.03874730497939449,1671.3333,0.05746346870015362,132747.3333,0.0015530255705549223,0
OH,2001Q2,2001-04-01,230.61,0.010242641903696281,177.1333,-0.002533541275180795,4.3267,-1.2666000000000004,5.27,0.21999999999999975,1630.0,0.015456258236691944,1652.3333,-0.011433280927001022,132388.6667,-0.002705530888174934,0
OH,2001Q3,2001-07-01,232.77,0.009322869544817536,177.6333,-0.004168148225196511,3.4967,-0.8299999999999996,4.98,-0.28999999999999915,1599.6667,-0.018784719772997782,1592.6667,-0.03677862903206819,131985.3333,-0.003051235847101097,0
OH,2001Q4,2001-10-01,234.69,0.008214652791131094,177.5,-0.00356946057338714,2.1333,-1.3634,4.77,-0.21000000000000085,1570.0,-0.01871967568545685,1632.3333,0.02460068246663827,131193.0,-0.006021283621315376,0
OH,2002Q1,2002-01-01,236.66,0.008359017591313744,178.0667,0.003938294354740357,1.7333,-0.40000000000000013,5.0767,0.3067000000000002,1723.0,0.09299133818557603,1714.3333,0.0490137950493601,130772.6667,-0.0032090744257935455,0
OH,2002Q2,2002-04-01,238.29,0.006863907356737364,179.4667,0.004643885906293832,1.75,0.016699999999999937,5.1,0.023299999999999876,1691.0,-0.01874688762934973,1714.3333,0.0,130640.6667,-0.0010098950156969266,0
OH,2002Q3,2002-07-01,240.65,0.009855176435968005,180.4333,-0.0024599711979007566,1.74,-0.010000000000000009,4.26,-0.8399999999999999,1697.3333,0.003738302471958832,1745.3333,0.017921281600230543,130555.6667,-0.0006508514257781428,0
OH,2002Q4,2002-10-01,242.2,0.006420235369874128,181.5,0.0005229683140761665,1.4433,-0.29669999999999996,4.0067,-0.2532999999999994,1729.6667,0.018870358600627135,1822.0,0.04298925855677105,130566.0,7.914548138465705e-05,0
OH,2003Q1,2003-01-01,243.97,0.007281435795466251,183.3667,0.004337845982972155,1.25,-0.19330000000000003,3.92,-0.08670000000000044,1736.0,0.0036548852491300465,1806.3333,-0.008635809375488357,130416.3333,-0.0011469490253581682,0
OH,2003Q2,2003-04-01,245.72,0.007147409381268233,183.0667,-0.011869724983207597,1.2467,-0.0033000000000000806,3.62,-0.2999999999999998,1753.6667,0.010125236850194952,1837.6667,0.017197679616102413,130185.3333,-0.0017728210530236765,0
OH,2003Q3,2003-07-01,247.73,0.008146767116958387,184.4333,0.009074718883136157,1.0167,-0.22999999999999998,4.2333,0.6132999999999997,1889.6667,0.07469161122549828,1937.3333,0.052815770755764824,130196.3333,8.449135570920419e-05,0
OH,2003Q4,2003-10-01,251.13,0.013631289927389822,185.1333,-0.003649087541439222,0.9967,-0.019999999999999907,4.2867,0.05339999999999989,2035.6667,0.07442291763368747,1972.3333,0.017904818291845537,130502.6667,0.002350093717186752,0
OH,2004Q1,2004-01-01,252.65,0.0060343983978423665,186.7,0.0046387187415168896,1.0033,0.00660000000000005,4.02,-0.26670000000000016,1918.3333,-0.059366645817998,1994.6667,0.011259710589305527,130905.6667,0.0030833012400695026,0
OH,2004Q2,2004-04-01,254.16,0.005958858223343633,188.1667,-0.0006017228716839185,1.01,0.006699999999999928,4.6,0.5800000000000001,1937.3333,0.009855703704603869,2080.0,0.041890924997930234,131634.3333,0.005550913925581824,0
OH,2004Q3,2004-07-01,257.09,0.011462228182687717,189.3667,-0.0014681466710397828,1.4333,0.4233,4.3033,-0.2966999999999995,1977.0,0.02026810435433468,2069.6667,-0.004980313892927413,131960.6667,0.0024760224338145065,0
OH,2004Q4,2004-10-01,259.75,0.0102934118353879,191.4,0.004323057247757056,1.95,0.5166999999999999,4.1733,-0.1299999999999999,1965.3333,-0.0059186949302061365,2086.0,0.007860776758281673,132520.6667,0.004234709721576024,0
OH,2005Q1,2005-01-01,262.12,0.009082784191959625,192.3667,-0.00564216478841395,2.47,0.5200000000000002,4.2967,0.12340000000000018,2071.6667,0.052691603126395314,2105.0,0.009067110555763591,132989.6667,0.003532822860689677,0
OH,2005Q2,2005-04-01,264.14,0.007676851444362143,193.6667,0.001697226661699247,2.9433,0.4732999999999996,4.16,-0.13670000000000027,2051.3333,-0.009863480402523273,2137.6667,0.015399439957597849,133719.0,0.005469151992585353,0
OH,2005Q3,2005-07-01,266.67,0.009532673306035022,196.6,0.00829737344040371,3.46,0.5167000000000002,4.2133,0.053300000000000125,2100.0,0.0234473727472313,2228.3333,0.041538999834990875,134451.3333,0.0054617161523182745,0
OH,2005Q4,2005-10-01,266.98,0.0011618103058932405,198.4333,-0.005750751616615091,3.98,0.52,4.49,0.27669999999999995,2068.6667,-0.01503305125786003,2169.3333,-0.026834021603955982,134932.3333,0.0035711186000924044,0
OH,2006Q1,2006-01-01,266.97,-3.7456690705539586e-05,199.4667,-0.004087534199871179,4.4567,0.4766999999999997,4.57,0.08000000000000007,2120.3333,0.02466899983624149,2157.0,-0.0057015179159582985,135732.6667,0.005913847246914017,0
OH,2006Q2,2006-04-01,265.85,-0.004204052586533891,201.2667,0.003789307522172436,4.9067,0.4500000000000002,5.07,0.5,1855.0,-0.13368859724836035,1923.3333,-0.11465859288614322,136265.3333,0.003916699982713823,0
OH,2006Q3,2006-07-01,265.24,-0.0022971634496800064,203.1667,0.0004123409818168611,5.2467,0.33999999999999986,4.8967,-0.17330000000000023,1702.3333,-0.08588485664296908,1713.3333,-0.11561900317716489,136682.3333,0.003055533169638025,0
OH,2006Q4,2006-10-01,266.33,0.004101064874620697,202.3333,-0.013506416775125096,5.2467,0.0,4.63,-0.26670000000000016,1570.0,-0.0809242200562128,1581.0,-0.08038321311637553,137050.6667,0.002691189022183238,0
OH,2007Q1,2007-01-01,266.34,3.754669871103289e-05,204.317,0.01386685835465773,5.2567,0.010000000000000675,4.68,0.04999999999999982,1461.3333,-0.07172638119283103,1606.6667,0.016104101913951396,137605.3333,0.004038996810887596,0
OH,2007Q2,2007-04-01,264.77,-0.005912163480648047,206.631,0.0015055128268333107,5.25,-0.006700000000000372,4.8467,0.16670000000000051,1451.0,-0.0070962642653347174,1456.6667,-0.09801091681860274,137969.6667,0.002644170278681912,0
OH,2007Q3,2007-07-01,261.85,-0.011089703867853906,207.939,-0.004951710879503857,5.0733,-0.1767000000000003,4.73,-0.1166999999999998,1289.0,-0.1183862499450008,1314.3333,-0.10282120245670345,138052.0,0.0005965713012763274,0
OH,2007Q4,2007-10-01,261.71,-0.000534800226667187,210.4897,0.005881779723557301,4.4967,-0.5766,4.26,-0.47000000000000064,1166.0,-0.10028763602874946,1188.3333,-0.10077780371832201,138286.6667,0.0016983997151864827,0
OH,2008Q1,2008-01-01,262.91,0.004574747790138112,212.7697,-0.0014183140476200506,3.1767,-1.3199999999999998,3.6633,-0.5966999999999998,1064.0,-0.09154369700884768,1025.0,-0.14785912455728667,138326.3333,0.00028680214069432,0
OH,2008Q2,2008-04-01,258.88,-0.01544713441884138,215.5377,0.0021518368246313813,2.0867,-1.0899999999999999,3.8867,0.22339999999999982,1010.6667,-0.05142517882590791,1061.0,0.03451924704147391,137863.6667,-0.0033503532552288107,0
OH,2008Q3,2008-07-01,252.45,-0.025151424565201808,218.861,0.0023755127450408864,1.94,-0.14670000000000005,3.8633,-0.023399999999999643,862.3333,-0.15872363621257612,858.6667,-0.21158630123797373,137156.0,-0.005146310228218098,0
OH,2008Q4,2008-10-01,252.96,0.0020181641562375674,213.8487,-0.038469058355938834,0.5067,-1.4333,3.2533,-0.6100000000000003,663.0,-0.2628668646772434,638.6667,-0.29599811532124765,135559.6667,-0.01170707610223154,0
OH,2009Q1,2009-01-01,257.59,0.018137800139748528,212.3777,0.01626560712872216,0.1833,-0.3234,2.7367,-0.5166,525.6667,-0.2321076284793948,538.6667,-0.17028570976064472,133297.0,-0.016832166740949006,0
OH,2009Q2,2009-04-01,251.77,-0.022853201264987355,213.507,0.012205788099366899,0.18,-0.0032999999999999974,3.3133,0.5766,534.3333,0.016352439851941902,559.3333,0.03764852647016781,131432.0,-0.01409011370096458,0
OH,2009Q3,2009-07-01,246.74,-0.02018082169260449,215.344,0.0032638047305484363,0.1567,-0.023299999999999987,3.5167,0.20340000000000025,588.3333,0.0962738224836528,606.6667,0.0812340075835003,130460.0,-0.007422941236086444,0
OH,2009Q4,2009-10-01,246.32,-0.001703647027073707,217.03,-0.000768287133378287,0.12,-0.03670000000000001,3.46,-0.056700000000000195,567.6667,-0.035759173327579497,623.3333,0.027101821356800393,129975.3333,-0.0037219777621615435,0
OH,2010Q1,2010-01-01,243.58,-0.01118607295728058,217.374,-0.006215063855589342,0.1333,0.013300000000000006,3.7167,0.25669999999999993,618.0,0.08495400674320752,657.6667,0.05361690033415645,129791.3333,-0.0014166562105994984,0
OH,2010Q2,2010-04-01,241.72,-0.007665399165606601,217.2973,-0.0019366898381862896,0.1933,0.06,3.49,-0.22669999999999968,602.0,-0.02623101214886958,599.6667,-0.09232426716988318,130424.0,0.0048626492421650624,0
OH,2010Q3,2010-07-01,244.96,0.013314900416015796,217.9343,0.003280089605024905,0.1867,-0.006599999999999995,2.7867,-0.7033,579.6667,-0.03780416211833604,574.0,-0.04374460454929174,130390.3333,-0.00025816602761885576,0
OH,2010Q4,2010-10-01,243.95,-0.004131645647527549,219.699,0.005137607246683551,0.1867,0.0,2.8633,0.0766,542.3333,-0.06657252610237308,583.3333,0.016129324787024224,130733.0,0.0026245597616192384,0
OH,2011Q1,2011-01-01,236.44,-0.03126881030567752,222.0437,0.0025509951290105803,0.1567,-0.03,3.46,0.5966999999999998,582.3333,0.07116220713684918,567.0,-0.02839941737883933,131059.0,0.0024905281178000394,0
OH,2011Q2,2011-04-01,232.89,-0.015128236870469713,224.5683,0.0006899015632813033,0.0933,-0.06340000000000001,3.21,-0.25,574.3333,-0.013833074403447831,611.6667,0.07582822258872035,131743.6667,0.005210512188654093,0
OH,2011Q3,2011-07-01,235.78,0.012332927778282432,226.0327,-0.004805896659700437,0.0833,-0.009999999999999995,2.4267,-0.7833000000000001,619.3333,0.07543368706284603,626.0,0.02316284478362629,132153.6667,0.003107271487751362,0
OH,2011Q4,2011-10-01,236.49,0.0030067568759450936,227.0473,-0.0020210997837715183,0.0733,-0.009999999999999995,2.0467,-0.3799999999999999,671.6667,0.08111865845610478,691.3333,0.09927168080525561,132710.3333,0.004203420771665023,0
OH,2012Q1,2012-01-01,233.66,-0.012038856450923952,228.326,0.0011373797223193094,0.1033,0.03,2.0367,-0.009999999999999787,707.3333,0.051739748040000144,752.0,0.08411427204448607,133501.0,0.005940160511729076,0
OH,2012Q2,2012-04-01,232.45,-0.005191919152409241,228.808,-0.003507274831300755,0.1533,0.04999999999999999,1.8233,-0.21340000000000026,739.3333,0.04424685077607471,774.0,0.028835549639887326,133923.3333,0.0031585282154296124,0
OH,2012Q3,2012-07-01,234.69,0.00959034622850563,229.841,0.002395749945685033,0.1433,-0.009999999999999981,1.6433,-0.17999999999999994,780.3333,0.05397230194947422,873.0,0.12036368224987459,134337.6667,0.0030890344065568343,0
OH,2012Q4,2012-10-01,234.15,-0.0023035587355479947,231.3693,0.002122828158626966,0.16,0.016699999999999993,1.7067,0.06340000000000012,908.0,0.15152324249528082,915.0,0.046988509435919035,134856.0,0.0038510114070664514,0
OH,2013Q1,2013-01-01,233.09,-0.004537290550972628,232.2993,-0.002615878574562025,0.1433,-0.016699999999999993,1.95,0.24329999999999985,953.3333,0.04872020157945922,952.0,0.03964096951584395,135497.3333,0.004744417205282403,0
OH,2013Q2,2013-04-01,233.74,0.002784741426432369,232.045,-0.005106799221393565,0.1167,-0.026600000000000013,1.9967,0.046699999999999964,868.0,-0.09377286552040243,985.6667,0.03475323021106114,136082.6667,0.004310584773152826,0
OH,2013Q3,2013-07-01,234.81,0.004567289979846123,233.3,0.006489168705049231,0.0833,-0.0334,2.71,0.7133,882.3333,0.01637816112002266,988.3333,0.0027017240344768823,136619.3333,0.003935924876344643,0
OH,2013Q4,2013-10-01,234.55,-0.001107891710390163,234.1627,-0.0017028667855587543,0.0867,0.0034000000000000002,2.7467,0.03670000000000018,1009.0,0.13414514457323534,1026.0,0.03740303669381184,137243.3333,0.004557036470934861,0
OH,2014Q1,2014-01-01,234.85,0.0012782276985374708,235.621,0.00251741516916848,0.0733,-0.013399999999999995,2.7633,0.016599999999999948,934.0,-0.07723858212476564,1027.3333,0.0012986690347727148,137752.6667,0.003704301025585721,0
OH,2014Q2,2014-04-01,240.0,0.02169191086898703,236.8723,-0.0009118136123378306,0.0933,0.01999999999999999,2.6233,-0.14000000000000012,987.0,0.05519360120463901,1039.3333,0.011613034112283316,138553.3333,0.005795522652929819,0
OH,2014Q3,2014-07-01,242.72,0.01126959225823132,237.4783,-0.0027415218995301416,0.09,-0.0032999999999999974,2.4967,-0.12659999999999982,1030.6667,0.04329111394724716,1066.6667,0.025959102491937003,139301.3333,0.005384122686288961,0
OH,2014Q4,2014-10-01,243.68,0.003947373546629329,236.8883,-0.005042602386027717,0.1,0.010000000000000009,2.28,-0.21670000000000034,1049.3333,0.01794913572225365,1075.0,0.007782109192055131,140083.6667,0.005600411223202428,0
OH,2015Q1,2015-01-01,245.09,0.00576960088128331,235.355,-0.004006180580342189,0.11,0.009999999999999995,1.9667,-0.3132999999999999,977.0,-0.07142363706020038,1082.6667,0.00710650283987313,140772.6667,0.00490643293569093,0
OH,2015Q2,2015-04-01,249.03,0.015947881106918693,236.96,0.013290047385601689,0.1233,0.013300000000000006,2.1667,0.20000000000000018,1158.0,0.1699630060901578,1272.3333,0.16142529447689835,141481.0,0.005019136121720891,0
OH,2015Q3,2015-07-01,251.64,0.010426123566775303,237.855,-0.0030264441535337028,0.1367,0.013399999999999981,2.22,0.053300000000000125,1166.6667,0.007456329247883531,1149.6667,-0.10138038461589272,142130.3333,0.004579044335265792,0
OH,2015Q4,2015-10-01,252.29,0.0025797248049448385,237.837,-0.003845573011195924,0.16,0.023300000000000015,2.19,-0.03000000000000025,1125.3333,-0.03607144995393874,1205.0,0.04700749266211357,142821.3333,0.004849954820219438,0
OH,2016Q1,2016-01-01,253.35,0.004192712415144406,237.6893,-0.0005455272390388899,0.36,0.19999999999999998,1.92,-0.27,1142.6667,0.015285482794204164,1153.6667,-0.043534262064137685,143426.0,0.004224791144169515,0
OH,2016Q2,2016-04-01,257.82,0.017489735093040082,239.5903,0.008587229113127037,0.3733,0.013300000000000034,1.7533,-0.16669999999999985,1171.3333,0.0247779314002452,1191.0,0.03184798549468226,143967.0,0.0037648838978459054,0
OH,2016Q3,2016-07-01,263.01,0.0199303872536456,240.6073,-0.003730260039663591,0.3967,0.023399999999999976,1.5633,-0.19000000000000017,1159.3333,-0.010297574127372755,1234.0,0.03546763511003359,144716.0,0.005189094478540213,0
OH,2016Q4,2016-10-01,262.66,-0.0013316341115903185,242.1347,0.0020922763678568046,0.45,0.053300000000000014,2.13,0.5667,1235.0,0.06322587156811643,1244.0,0.008071068833791273,145218.6667,0.003467451542519484,0
OH,2017Q1,2017-01-01,263.73,0.004065432374183331,243.8387,0.0006847192618311126,0.7,0.24999999999999994,2.4433,0.3132999999999999,1217.0,-0.014682156074551145,1269.6667,0.020422430764979183,145814.6667,0.00409575649775995,0
OH,2017Q2,2017-04-01,271.3,0.0282993671336893,244.12,-0.005859791686013693,0.95,0.25,2.2633,-0.17999999999999972,1184.0,-0.027490277543575914,1270.6667,0.0007872982748269308,146379.3333,0.0038650164132896236,0
OH,2017Q3,2017-07-01,274.78,0.012745557830915466,245.287,0.003616079295716723,1.1533,0.20330000000000004,2.2433,-0.020000000000000018,1182.0,-0.0016906174779069971,1282.6667,0.009399546766082345,146899.6667,0.0035483887081060317,0
OH,2017Q4,2017-10-01,275.61,0.003016045455683347,247.2383,0.0031546494755501087,1.2033,0.050000000000000044,2.37,0.12670000000000003,1235.6667,0.04440274349256956,1322.0,0.030204471306618075,147348.0,0.003047321679519044,0
OH,2018Q1,2018-01-01,279.38,0.013586039347919687,249.3217,0.0004676862781423097,1.4467,0.24340000000000006,2.76,0.3899999999999997,1298.0,0.04921395580542143,1341.0,0.014269862870047056,147998.0,0.004401624192917453,0
OH,2018Q2,2018-04-01,285.16,0.020477563950023203,250.679,-0.0029621758713087587,1.7367,0.2899999999999998,2.92,0.16000000000000014,1275.0,-0.017878439671508595,1353.6667,0.009401380360985812,148707.3333,0.004781408163449186,0
OH,2018Q3,2018-07-01,289.52,0.015173953006058838,251.6863,-0.0014189711510859127,1.9233,0.1866000000000001,2.9267,0.006699999999999928,1248.6667,-0.02086983656146124,1307.0,-0.035082550018442404,149218.3333,0.0034303892439613293,0
OH,2018Q4,2018-10-01,290.06,0.0018634188766171178,252.711,5.283795693422633e-05,2.22,0.2967000000000002,3.0333,0.10660000000000025,1165.6667,-0.06878314403985986,1309.6667,0.0020382427178970985,149651.0,0.002895358968281414,0
OH,2019Q1,2019-01-01,293.37,0.011346812860189459,253.3857,-0.0013967820881735094,2.4033,0.18330000000000002,2.6533,-0.3799999999999999,1179.3333,0.011656080795859225,1278.3333,-0.024215557284491318,150140.6667,0.0032667161221926477,0
OH,2019Q2,2019-04-01,299.69,0.02131399607360951,255.2473,0.0046537548942557905,2.3967,-0.006600000000000161,2.3333,-0.3200000000000003,1269.3333,0.0735425231955773,1322.6667,0.0340928058806389,150682.3333,0.003601235180829221,0
OH,2019Q3,2019-07-01,304.15,0.014772393700811293,256.0893,-0.004026712692899004,2.19,-0.2067000000000001,1.7967,-0.5366,1308.6667,0.03051703065687228,1443.3333,0.08730530429547123,151157.0,0.0031451639260939857,0
OH,2019Q4,2019-10-01,306.96,0.009196445171982148,257.888,0.003705837709737203,1.6433,-0.5467,1.7933,-0.0034000000000000696,1408.6667,0.07363482153141643,1500.3333,0.03873205317380002,151640.3333,0.003192456850491965,0
OH,2020Q1,2020-01-01,311.34,0.014168116669006636,258.8177,-0.0034005996368007274,1.26,-0.3833,1.3767,-0.41659999999999986,1465.3333,0.03943907093651866,1432.0,-0.04661521488694653,151739.6667,0.0006548447725602813,1
OH,2020Q2,2020-04-01,314.47,0.010003119475769928,256.292,-0.013405104135240542,0.06,-1.2,0.6867,-0.6900000000000001,1080.3333,-0.3048131204886859,1220.0,-0.16022120979328847,133712.3333,-0.1264756074603639,1
OH,2020Q3,2020-07-01,321.86,0.023227986306875614,259.2217,0.021172794056683486,0.0933,0.033299999999999996,0.65,-0.036699999999999955,1465.0,0.3045856378324041,1571.6667,0.253285789881053,140615.3333,0.05033730369134837,1
OH,2020Q4,2020-10-01,329.49,0.02342933607801534,261.0917,-0.004178254145169369,0.09,-0.0032999999999999974,0.8633,0.21329999999999993,1566.6667,0.06709499885546855,1689.3333,0.07219730543291458,142580.3333,0.013877553703624201,1
OH,2021Q1,2021-01-01,335.69,0.018642110572300474,263.7423,0.002912796934854356,0.08,-0.009999999999999995,1.3167,0.4534,1576.6667,0.006362693652882001,1774.0,0.04890292982825439,143491.6667,0.006371378414680606,1
OH,2021Q2,2021-04-01,352.7,0.04942972220134223,268.5503,0.007964939971683904,0.07,-0.009999999999999995,1.5933,0.27659999999999996,1578.0,0.0008452874463014126,1692.6667,-0.04693166958021866,145157.3333,0.011541249676387366,1
OH,2021Q3,2021-07-01,370.63,0.04958642314411055,272.8297,-0.002256185860151305,0.09,0.01999999999999999,1.3233,-0.27,1589.3333,0.007156397698102168,1678.0,-0.008702606262154688,147282.3333,0.014533167999211116,1
OH,2021Q4,2021-10-01,379.24,0.0229649896636408,278.7713,0.005734383850272806,0.08,-0.009999999999999995,1.5367,0.21340000000000003,1668.6667,0.04871030419571731,1797.0,0.06851599975640799,149206.0,0.012976522026251658,1
OH,2022Q1,2022-01-01,390.77,0.029949901563232295,284.9057,0.00022257451258500538,0.12,0.039999999999999994,1.94,0.4033,1716.3333,0.028165288657145737,1881.6667,0.04603931884688528,150715.3333,0.010064946198092173,1
OH,2022Q2,2022-04-01,415.97,0.062493990663218035,291.6053,0.0014764113159460024,0.77,0.65,2.93,0.9900000000000002,1634.0,-0.04915921653683597,1766.6667,-0.0630633758904171,151968.3333,0.008279317952810672,1
OH,2022Q3,2022-07-01,421.82,0.013965540481260419,295.453,-0.010134331038405442,2.19,1.42,3.1067,0.17669999999999986,1466.6667,-0.1080387214544336,1620.0,-0.08666840151359789,153338.6667,0.00897681744701373,1
OH,2022Q4,2022-10-01,417.03,-0.011420521100357739,298.5417,-0.0027087463644894783,3.6533,1.4633000000000003,3.83,0.7233,1389.0,-0.05440821121117079,1468.3333,-0.0982982012257354,154174.3333,0.0054350135252043685,1
OH,2023Q1,2023-01-01,423.43,0.015230049517025002,301.2303,-0.0014343829181848733,4.5167,0.8634,3.6467,-0.18330000000000002,1379.0,-0.0072254649610421495,1502.6667,0.023113381673648625,154992.0,0.005289506122615251,1
OH,2023Q2,2023-04-01,442.2,0.04337405724920984,303.3977,-0.001796069248992893,4.99,0.47330000000000005,3.5933,-0.05339999999999989,1453.0,0.05227178577698055,1504.3333,0.0011084803263390341,155636.6667,0.004150728472065879,1
OH,2023Q3,2023-07-01,449.85,0.017151925439781834,305.989,0.0013352698010988817,5.26,0.2699999999999996,4.15,0.5567000000000002,1382.6667,-0.04961635878097059,1540.0,0.02343260640699274,156240.3333,0.003871188666582981,1
OH,2023Q4,2023-10-01,452.18,0.005166136785042852,308.195,-0.0013211215306911939,5.33,0.07000000000000028,4.44,0.29000000000000004,1467.6667,0.05965983501011962,1516.6667,-0.015267450152766315,156712.0,0.0030143060584215675,1
OH,2024Q1,2024-01-01,457.27,0.011193695414745797,311.0033,0.001887277603742632,5.33,0.0,4.16,-0.28000000000000025,1415.0,-0.036544329722093316,1532.6667,0.01049419314869482,157245.3333,0.0033974923115458466,1
OH,2024Q2,2024-04-01,476.04,0.040227858251323134,313.0807,-0.002413361803679237,5.33,0.0,4.4433,0.28329999999999966,1342.6667,-0.052471820080779,1442.3333,-0.06074700995752824,157611.0,0.002322753749755435,1
OH,2024Q3,2024-07-01,481.53,0.011466650278996404,314.121,-0.0033401845150260456,5.2633,-0.06669999999999998,3.9467,-0.49659999999999993,1337.6667,-0.0037308834787390666,1448.6667,0.004381466711854465,157805.6667,0.0012343464709907437,1
OH,2024Q4,2024-10-01,485.07,0.007324675826597016,316.5877,0.00450475719563137,4.65,-0.6132999999999997,4.2833,0.3365999999999998,1387.0,0.03621631379701107,1472.0,0.01597840413089191,158113.3333,0.0019477568444283833,1
OH,2025Q1,2025-01-01,491.21,0.012578524512060874,319.475,0.0012566926772263898,4.33,-0.3200000000000003,4.4533,0.16999999999999993,1401.0,0.010043126022175386,1465.0,-0.0047667778376538905,158318.3333,0.0012956985682421873,1
OH,2025Q2,2025-04-01,502.51,0.02274380530083686,320.7857,-0.0049844516426169605,4.33,0.0,4.36,-0.09329999999999927,1354.0,-0.03412309286478621,1403.0,-0.04324244134870625,158487.0,0.0010647972000938921,1
OH,2025Q3,2025-07-01,507.11,0.009112402350142546,323.235,0.003512038479817292,4.2933,-0.03669999999999973,4.2567,-0.10329999999999995,1346.3333,-0.005678351335521192,1369.0,-0.024532254814012333,158520.6667,0.00021240306568515166,1
OH,2025Q4,2025-10-01,509.81,0.005310164702263975,325.547,-0.0004790823209113171,3.8967,-0.3966000000000003,4.0967,-0.16000000000000014,1327.6667,-0.013961782516461518,1418.0,0.03516688180362415,158429.6667,-0.0005742224753273462,1
TX,1975Q1,1975-01-01,55.99,,52.5667,-0.009099038907365298,6.3033,-3.0434,7.54,-0.1299999999999999,976.3333,-0.047342240317117756,721.3333,-0.13468599966111405,76953.0,-0.015848859268690063,0
TX,1975Q2,1975-04-01,58.5,0.043853650877008654,53.2,-0.00917228589383301,5.42,-0.8833000000000002,8.05,0.5100000000000007,1071.0,0.09254404642947112,908.6667,0.23087705518461288,76535.0,-0.005446693336045527,0
TX,1975Q3,1975-07-01,56.48,-0.03514016105282458,54.2667,0.007876825871649729,6.16,0.7400000000000002,8.2967,0.2466999999999988,1250.0,0.15455075984859779,1026.0,0.12144466545856147,77050.3333,0.006710734975589716,0
TX,1975Q4,1975-10-01,59.28,0.048385387802845514,55.2667,-0.001592604784701912,5.4133,-0.7467000000000006,8.0633,-0.2333999999999996,1341.6667,0.07076909573292767,1099.0,0.06873292867290637,77747.3333,0.009005364559596885,0
TX,1976Q1,1976-01-01,58.74,-0.009151055217357928,55.9,-0.00686595502661369,4.8267,-0.5865999999999998,7.7533,-0.3099999999999996,1442.0,0.07211839181562052,1183.0,0.07365290957476578,78789.0,0.01330914113220949,0
TX,1976Q2,1976-04-01,63.59,0.079335299508843,56.4,-0.0024890446488816664,5.1967,0.3700000000000001,7.7733,0.019999999999999574,1449.6667,0.005302629078425269,1171.3333,-0.00991091235705266,79326.6667,0.006800955068033687,0
TX,1976Q3,1976-07-01,63.21,-0.005993708795109853,57.3,0.006926686873720556,5.2833,0.08659999999999979,7.73,-0.04329999999999945,1557.0,0.07142722491067843,1345.0,0.1382513404146053,79714.3333,0.0048750620001243306,0
TX,1976Q4,1976-10-01,63.09,-0.0019002381014887604,58.1333,-0.001393439525265272,4.8733,-0.40999999999999925,7.19,-0.54,1691.3333,0.08275625994880187,1489.0,0.10171074064806973,80199.6667,0.006069948724258367,0
TX,1977Q1,1977-01-01,66.05,0.04584975258561563,59.2,0.0037448667864357077,4.66,-0.21330000000000027,7.3533,0.16329999999999956,1844.3333,0.08660070437382128,1562.0,0.047862297715622226,81023.0,0.010213705979891685,0
TX,1977Q2,1977-04-01,71.74,0.08263644113580249,60.2333,-0.0008790788413230999,5.1567,0.4966999999999997,7.37,0.01670000000000016,1918.6667,0.039512660555702794,1693.3333,0.08073190181974699,82101.3333,0.01322119129442001,0
TX,1977Q3,1977-07-01,69.44,-0.0325854017520415,61.0667,-0.0035624597397170277,5.82,0.6633000000000004,7.3567,-0.01330000000000009,2009.0,0.0460065681026105,1713.6667,0.011936390619484705,83147.0,0.012655869335640446,0
TX,1977Q4,1977-10-01,73.45,0.05614183226779179,61.9667,0.0008890806626480341,6.5133,0.6932999999999998,7.5967,0.2400000000000002,2075.3333,0.03248468145683159,1761.0,0.027246485657342667,84127.6667,0.011725361106103449,0
TX,1978Q1,1978-01-01,76.66,0.04277515733252191,63.0333,0.00243557963321539,6.7567,0.24340000000000028,8.01,0.41329999999999956,1829.3333,-0.12617018375572986,1758.3333,-0.0015154577773941469,85000.6667,0.010323613269429543,0
TX,1978Q2,1978-04-01,78.99,0.029941202223919383,64.4667,0.005419639045925351,7.2833,0.5265999999999993,8.32,0.3100000000000005,2114.0,0.14463030391414655,1899.0,0.07696106009347403,86540.3333,0.017951486198549915,0
TX,1978Q3,1978-07-01,81.25,0.028209559033518516,65.9667,0.0005156045933603082,8.1,0.8167,8.49,0.16999999999999993,2019.3333,-0.045814480018208315,1742.6667,-0.08591090560850922,87436.0,0.010296510980237983,0
TX,1978Q4,1978-10-01,85.33,0.04899527133864723,67.5,-2.372919946846963e-05,9.5833,1.4832999999999998,8.82,0.33000000000000007,2039.6667,0.010019004724995284,1798.0,0.031258409827788824,88339.3333,0.010278361994558338,0
TX,1979Q1,1979-01-01,89.5,0.04771253273231579,69.2,0.0018957361126483718,10.0733,0.4900000000000002,9.1067,0.28669999999999973,1665.6667,-0.20256094844886796,1557.6667,-0.1434859395997199,89114.0,0.008730989795115107,0
TX,1979Q2,1979-04-01,92.88,0.03706971210882681,71.4,0.006423741976774977,10.18,0.10670000000000002,9.1133,0.006600000000000605,1845.6667,0.10261510352707681,1640.3333,0.051710456444950204,89771.3333,0.007349247101450018,0
TX,1979Q3,1979-07-01,95.18,0.024461498303328,73.7,0.00040792312783732854,10.9467,0.7667000000000002,9.1033,-0.009999999999999787,1790.0,-0.03062494738037813,1587.6667,-0.032633998748874404,90281.3333,0.005665024279407405,0
TX,1979Q4,1979-10-01,96.94,0.018322394724265223,76.0333,-0.0005363268271159072,13.5767,2.630000000000001,10.4467,1.343399999999999,1567.6667,-0.1326272842948395,1337.0,-0.17183715602597793,90575.3333,0.0032511962594341526,0
TX,1980Q1,1980-01-01,100.0,0.031077955570862237,79.0333,0.00752927739962761,15.0467,1.4699999999999989,11.9867,1.540000000000001,1246.0,-0.22964991519256284,1155.6667,-0.14575089124164986,90892.3333,0.003493738894499998,0
TX,1980Q2,1980-04-01,104.51,0.04411257461832019,81.7,-0.005513161196498473,12.6867,-2.3599999999999994,10.4767,-1.5100000000000016,1058.0,-0.16355808692915375,929.0,-0.2183239470464553,90456.6667,-0.004804740452195588,0
TX,1980Q3,1980-07-01,103.92,-0.005661388244067922,83.2333,-0.014591212954761623,9.8367,-2.8499999999999996,10.9533,0.47660000000000124,1392.0,0.27436122847612054,1370.0,0.3884572800083328,90050.6667,-0.0044984397808374155,0
TX,1980Q4,1980-10-01,105.71,0.017078123418227342,85.5667,0.00905517436074188,15.8533,6.0166,12.4233,1.4699999999999989,1505.0,0.0780513362886106,1332.6667,-0.027628767417429145,90726.6667,0.00747884857227632,0
TX,1981Q1,1981-01-01,104.54,-0.011129722495795136,87.9333,-0.0003662968604762895,16.57,0.7166999999999994,12.96,0.5367000000000015,1366.3333,-0.09666216974294262,1201.0,-0.10402742932475828,91116.0,0.0042820961876319785,0
TX,1981Q2,1981-04-01,111.11,0.060950928311140906,89.7667,-0.00664687382878526,17.78,1.2100000000000009,13.75,0.7899999999999991,1181.6667,-0.14520482893317066,1113.0,-0.07609547080443857,91356.3333,0.0026341904509621372,0
TX,1981Q3,1981-07-01,114.34,0.028655764239908343,92.2667,0.006833703922071166,17.5767,-0.20330000000000226,14.8467,1.0967000000000002,964.0,-0.20358988389631705,890.3333,-0.22321846427285585,91547.6667,0.002092173706337519,0
TX,1981Q4,1981-10-01,112.15,-0.01933920486960794,93.7667,-0.01134272789157631,13.5867,-3.9899999999999984,14.0867,-0.7599999999999998,873.3333,-0.09877402469145213,758.3333,-0.1604728882417925,91148.6667,-0.004367910695734167,0
TX,1982Q1,1982-01-01,122.54,0.08860024633129093,94.6,-0.007278792235141829,14.2267,0.6399999999999988,14.2933,0.2065999999999999,880.0,0.007604637553158433,831.0,0.09150679609455192,90520.6667,-0.006913687519293887,0
TX,1982Q2,1982-04-01,119.01,-0.0292299841031598,95.9667,0.005496086497117858,14.5133,0.28659999999999997,13.93,-0.3633000000000006,948.0,0.07443259478276953,918.0,0.09956759576504215,90040.6667,-0.005316765463355466,0
TX,1982Q3,1982-07-01,117.91,-0.009285901605767144,97.6333,0.0028735872243261795,11.0067,-3.506599999999999,13.1167,-0.8132999999999999,1118.6667,0.16553830646134315,1004.0,0.08954990963118359,89355.6667,-0.007636759527017034,0
TX,1982Q4,1982-10-01,120.75,0.023800670944100766,97.9333,-0.014149356507337174,9.2867,-1.7200000000000006,10.6667,-2.4499999999999993,1282.6667,0.13680374038864862,1243.0,0.2135357912590372,88821.3333,-0.005997799960981709,0
TX,1983Q1,1983-01-01,125.7,0.04017582306351919,98.0,-0.002387166985384326,8.6533,-0.6334,10.5633,-0.1034000000000006,1630.3333,0.23984320232051726,1457.3333,0.15908044624478102,88999.0,0.0019982727039451476,0
TX,1983Q2,1983-04-01,125.77,0.0005567264628627555,99.1333,0.010817086473278614,8.8033,0.15000000000000036,10.5433,-0.019999999999999574,1660.3333,0.01823389290335342,1668.0,0.1350170451631998,89676.3333,0.007581757728788219,0
TX,1983Q3,1983-07-01,125.64,-0.001034167388618279,100.1,-0.0017936532290745433,9.46,0.6567000000000007,11.6267,1.0833999999999993,1801.6667,0.08169381557770272,1697.6667,0.017629474932594924,90604.3333,0.01029514938074172,0
TX,1983Q4,1983-10-01,126.31,0.0053185281154375375,101.1,0.00023616249448732418,9.43,-0.030000000000001137,11.6867,0.0600000000000005,1729.3333,-0.04097622241361254,1670.3333,-0.01623159151576914,91875.0,0.013926916709511517,0
TX,1984Q1,1984-01-01,125.12,-0.009465925988882518,102.5333,0.004137058134120686,9.6867,0.2567000000000004,11.9433,0.2566000000000006,1940.0,0.11495201456440007,1842.6667,0.09819062853360272,93086.3333,0.013098420056078197,0
TX,1984Q2,1984-04-01,126.34,0.009703408673553682,103.5,-0.004693508999745966,10.5567,0.8699999999999992,13.2,1.2566999999999986,1822.6667,-0.06238732459342167,1777.0,-0.0362872667144698,94123.0,0.011075059965255818,0
TX,1984Q3,1984-07-01,128.77,0.019051181815138207,104.4,-0.0007259260965106762,11.39,0.8333000000000013,12.8667,-0.3332999999999995,1672.0,-0.08628013381930533,1552.6667,-0.13495264491003311,95055.0,0.009853233889254298,0
TX,1984Q4,1984-10-01,128.08,-0.005372798597233164,105.3,-7.431905172428088e-05,9.2667,-2.1233000000000004,11.7433,-1.1234000000000002,1630.3333,-0.025236042219116683,1586.3333,0.021451348195564712,95906.0,0.008912873660738896,0
TX,1985Q1,1985-01-01,126.74,-0.010517324793088534,106.2667,0.0005548090928666483,8.4767,-0.7900000000000009,11.5833,-0.16000000000000014,1714.3333,0.050239786237371575,1683.0,0.059152662750623364,96572.3333,0.006923750330562584,0
TX,1985Q2,1985-04-01,127.84,0.008641738122593168,107.2333,-8.368998023833285e-05,7.9233,-0.553399999999999,10.8133,-0.7699999999999996,1725.6667,0.0065892098870961036,1696.3333,0.00789112407969128,97269.6667,0.007194894895917514,0
TX,1985Q3,1985-07-01,127.71,-0.0010174135097935633,107.9,-0.002856825268136909,7.9,-0.023299999999999876,10.3367,-0.47659999999999947,1701.0,-0.01439715515413642,1807.0,0.06319897232173144,97844.3333,0.005890589723932749,0
TX,1985Q4,1985-10-01,126.6,-0.008729558798094672,109.0,0.003944972429172466,8.1033,0.20330000000000048,9.76,-0.5767000000000007,1824.6667,0.0701810268048293,1743.0,-0.03606024507220784,98428.3333,0.005950922597339314,0
TX,1986Q1,1986-01-01,129.49,0.02257114837067231,109.5667,-0.004957395963400835,7.8267,-0.27660000000000107,8.5567,-1.2033000000000005,1898.6667,0.03975456277919065,1798.0,0.031067169511544535,98837.6667,0.004150071350347062,0
TX,1986Q2,1986-04-01,131.67,0.016695134287504132,109.0333,-0.010065770073175884,6.92,-0.9066999999999998,7.6033,-0.9533999999999994,1878.0,-0.010944522211673302,1815.0,0.009410531667385591,99174.6667,0.0034038316663291823,0
TX,1986Q3,1986-07-01,128.91,-0.0211843059132395,109.7,0.01097618319343141,6.2067,-0.7133000000000003,7.3067,-0.29659999999999975,1758.6667,-0.06565141564535981,1730.6667,-0.04757875772273401,99665.0,0.004931956505972224,0
TX,1986Q4,1986-10-01,126.6,-0.018081976744936945,110.4667,0.0008687236713633695,6.2667,0.0600000000000005,7.2633,-0.043400000000000105,1712.3333,-0.026699021790305366,1740.6667,0.005761490764498056,100312.6667,0.006477412955078421,0
TX,1987Q1,1987-01-01,126.91,0.0024456641119972033,111.8,0.005032691853267934,6.22,-0.04670000000000041,7.1933,-0.07000000000000028,1761.3333,0.028214135716505773,1694.3333,-0.026978870635343988,100920.3333,0.006039451253530004,0
TX,1987Q2,1987-04-01,123.03,-0.031049945749995977,113.0667,-0.0007310933066237979,6.65,0.4300000000000006,8.3433,1.1499999999999995,1612.0,-0.08859543498247557,1541.0,-0.09485777378525562,101709.0,0.007784368330895575,0
TX,1987Q3,1987-07-01,118.34,-0.038866390823529606,114.2667,-0.0007090696300746657,6.8433,0.1932999999999998,8.8767,0.5334000000000003,1625.0,0.008032171697264445,1513.6667,-0.017896570868693118,102438.0,0.007141942802919132,0
TX,1987Q4,1987-10-01,114.81,-0.030283249142827096,115.3333,-0.0012662721083689377,6.9167,0.07339999999999947,9.1233,0.24660000000000082,1523.6667,-0.06438808322315204,1416.3333,-0.06646363653967047,103390.3333,0.009253731792281172,0
TX,1988Q1,1988-01-01,114.82,8.709663377004517e-05,116.2333,-0.0015178267397164547,6.6633,-0.25340000000000007,8.4167,-0.7065999999999999,1425.3333,-0.06671405145020248,1402.3333,-0.009933856759248627,104152.0,0.007339901285662975,0
TX,1988Q2,1988-04-01,116.62,0.015555101054519405,117.5667,0.003633273005188009,7.1567,0.4934000000000003,8.91,0.4932999999999996,1490.6667,0.04481778843770101,1452.6667,0.035263478630257694,105006.6667,0.008172469927822945,0
TX,1988Q3,1988-07-01,114.07,-0.022108490754203736,119.0,0.0007112071436514711,7.9833,0.8266,9.1,0.1899999999999995,1484.0,-0.004482324800858528,1445.0,-0.0052916492362280465,105745.6667,0.007012999731744074,0
TX,1988Q4,1988-10-01,113.2,-0.007656129270723788,120.3,-0.0012525311414925966,8.47,0.4867000000000008,8.9567,-0.14329999999999998,1551.3333,0.04437360997990858,1508.3333,0.04289594481993664,106597.0,0.008018528491952281,0
TX,1989Q1,1989-01-01,113.46,0.0022941861293386268,121.6667,0.0004315860372097191,9.4433,0.9733,9.2067,0.25,1489.3333,-0.040786184567632056,1354.3333,-0.107695962659208,107403.0,0.007532745898924276,0
TX,1989Q2,1989-04-01,114.4,0.00825072704727603,123.6333,0.0047378714196870675,9.7267,0.28339999999999854,8.7733,-0.4333999999999989,1355.6667,-0.09403520731233961,1359.6667,0.003930292457999585,107910.3333,0.0047125204103473095,0
TX,1989Q3,1989-07-01,116.64,0.01939118931465078,124.6,-0.008245907185595591,9.0833,-0.6433999999999997,8.1067,-0.6666000000000007,1346.0,-0.0071561316225894345,1310.3333,-0.036958063850330625,108186.0,0.0025513329663997553,0
TX,1989Q4,1989-10-01,116.36,-0.0024034346333472456,125.8667,0.0023261239399516853,8.6133,-0.46999999999999886,7.9067,-0.20000000000000018,1337.3333,-0.006459674716181141,1377.0,0.04962568741372397,108688.0,0.0046294244266587015,0
TX,1990Q1,1990-01-01,116.18,-0.0015481210626147046,128.0333,0.006952171820781672,8.25,-0.3633000000000006,8.4233,0.5165999999999995,1425.6667,0.06396200745118108,1441.0,0.04543009727086744,109424.0,0.006748851906793973,0
TX,1990Q2,1990-04-01,117.01,0.007118688666480466,129.3,-0.00722207645817452,8.2433,-0.006700000000000372,8.6767,0.25340000000000096,1212.3333,-0.1620927141159827,1103.6667,-0.2666993169180296,109784.0,0.003284554611592938,0
TX,1990Q3,1990-07-01,117.84,0.007068370923508205,131.5333,0.00727986627841215,8.16,-0.08329999999999949,8.7033,0.02660000000000018,1132.0,-0.068560870060562,1041.0,-0.05845621046652294,109648.0,-0.0012395641238640565,0
TX,1990Q4,1990-10-01,116.91,-0.007923364135646871,133.7667,-0.0002875794257013453,7.7433,-0.4167000000000005,8.3967,-0.3066000000000013,1042.6667,-0.0822044137967275,909.0,-0.1355919744374905,109255.6667,-0.003584533105373211,0
TX,1991Q1,1991-01-01,118.39,0.012579851404816544,134.7667,-0.009389288770869086,6.4267,-1.3165999999999993,8.0167,-0.379999999999999,894.6667,-0.1530855982851147,850.0,-0.06710874469311623,108787.0,-0.0042988597493067715,0
TX,1991Q2,1991-04-01,119.61,0.010252190637828562,135.5667,-0.0015292627179492868,5.8633,-0.5634000000000006,8.13,0.11330000000000062,1011.0,0.12224397233918527,957.0,0.1185670419685918,108311.0,-0.004385123425938886,0
TX,1991Q3,1991-07-01,119.75,0.0011697862296520256,136.6,0.001674542203309315,5.6433,-0.21999999999999975,7.94,-0.1900000000000004,1042.3333,0.030521817789726846,963.6667,0.0069420964853890155,108308.3333,-2.4621071069930167e-05,0
TX,1991Q4,1991-10-01,121.12,0.011375553398113247,137.7333,0.0006690824169366394,4.8167,-0.8266,7.3467,-0.5933000000000002,1087.0,0.04195985031101124,1012.0,0.04893836190906775,108330.3333,0.00020310317101568387,0
TX,1992Q1,1992-01-01,123.14,0.01654012979392583,138.6667,-0.001508254013153909,4.0233,-0.7934000000000001,7.3033,-0.043400000000000105,1241.0,0.13249589808339746,1101.6667,0.08489564402745131,108348.0,0.00016306845054714358,0
TX,1992Q2,1992-04-01,122.7,-0.0035795677661987213,139.7333,0.0009083883973879381,3.77,-0.25329999999999986,7.3767,0.07339999999999947,1152.6667,-0.07383937871103186,1055.6667,-0.04265170442870936,108622.6667,0.002531833919299231,0
TX,1992Q3,1992-07-01,124.77,0.01672969070606456,140.8,-5.755587647016114e-05,3.2567,-0.5133000000000001,6.6167,-0.7599999999999998,1183.6667,0.026538865942484335,1092.6667,0.034448711695918455,108886.6667,0.002427483230370342,0
TX,1992Q4,1992-10-01,125.28,0.0040791898195626786,142.0333,0.0011162554922270473,3.0367,-0.21999999999999975,6.7433,0.12659999999999982,1228.3333,0.03704121638222535,1142.0,0.04415988907388435,109308.0,0.0038619992876611775,0
TX,1993Q1,1993-01-01,125.65,0.002949031747109032,143.0667,-0.0014716754981103364,3.04,0.0032999999999998586,6.28,-0.4632999999999994,1167.6667,-0.0506507257419484,1127.0,-0.013221876176179315,109947.0,0.0058288459482476185,0
TX,1993Q2,1993-04-01,126.79,0.009031910550254985,144.1,-5.2870003525384845e-05,3.0,-0.040000000000000036,5.99,-0.29000000000000004,1266.0,0.08085483962778461,1115.3333,-0.010405951047548712,110537.6667,0.005357906487287067,0
TX,1993Q3,1993-07-01,128.27,0.011605242771902446,144.7667,-0.002580569802709931,3.06,0.06000000000000005,5.6167,-0.3733000000000004,1299.0,0.025732413966478518,1218.3333,0.08833049316375963,111234.0,0.006279752492302393,0
TX,1993Q4,1993-10-01,129.48,0.009389011746284481,145.9667,0.0036390542508861756,2.99,-0.06999999999999984,5.6067,-0.009999999999999787,1433.6667,0.09864055069543376,1368.3333,0.116109652701895,112015.3333,0.0069996759103094774,0
TX,1994Q1,1994-01-01,130.11,0.004853817457340703,146.7,-0.0032438607265552477,3.2133,0.2232999999999996,6.0667,0.45999999999999996,1391.0,-0.030212375442590478,1333.6667,-0.025661363675006044,112876.0,0.007654104666782402,0
TX,1994Q2,1994-04-01,130.29,0.001382488699455564,147.5333,0.0006530562151585428,3.94,0.7267000000000001,7.0833,1.0166000000000004,1466.6667,0.05296936204207192,1381.6667,0.035358457843861046,113916.6667,0.009177316172959138,0
TX,1994Q3,1994-07-01,130.4,0.0008439142777127984,148.9,0.0035567988165539077,4.4867,0.5467,7.3333,0.25,1454.3333,-0.008444692430024325,1374.6667,-0.005079222309694487,114918.6667,0.008757444831235972,0
TX,1994Q4,1994-10-01,129.77,-0.004842996743413153,149.7667,-0.003417216392334943,5.1667,0.6799999999999997,7.8367,0.5034000000000001,1472.0,0.012074437753330614,1377.6667,0.0021799693220794225,115832.6667,0.007921989152466224,0
TX,1995Q1,1995-01-01,129.7,-0.0005395614267413862,150.8667,0.0015141052140750233,5.81,0.6433,7.4833,-0.3534000000000006,1324.0,-0.1059645627918675,1254.0,-0.0940528288462561,116702.3333,0.007479911882082746,0
TX,1995Q2,1995-04-01,131.93,0.017047387573287054,152.1,0.0008236182877654485,6.02,0.20999999999999996,6.62,-0.8632999999999997,1287.3333,-0.0280845880699232,1278.3333,0.01921867786476117,117134.3333,0.0036948909489780135,0
TX,1995Q3,1995-07-01,133.52,0.011979800457894818,152.8667,-0.0031134332429223477,5.7967,-0.22329999999999917,6.3233,-0.2967000000000004,1415.3333,0.09479218161648273,1387.0,0.08158602125720371,117633.6667,0.004253851913068374,0
TX,1995Q4,1995-10-01,134.38,0.006420328138424303,153.7,0.0004082501885553924,5.72,-0.07670000000000066,5.8933,-0.4299999999999997,1417.3333,0.0014120972318707459,1424.0,0.026326671657090017,118172.0,0.004565914320709297,0
TX,1996Q1,1996-01-01,135.73,0.009996010817869383,155.0667,0.003416345659204012,5.3633,-0.3567,5.91,0.01670000000000016,1460.6667,0.03011582703254767,1414.6667,-0.006575857343480429,118682.3333,0.004309265383668048,0
TX,1996Q2,1996-04-01,135.47,-0.0019174047172283437,156.4,-0.00029121521960639996,5.2433,-0.1200000000000001,6.72,0.8099999999999996,1495.6667,0.023679085286547163,1449.6667,0.02443971229487918,119475.0,0.006656688803452937,0
TX,1996Q3,1996-07-01,135.8,0.002433001531950474,157.3,-0.0028234992205051768,5.3067,0.06340000000000057,6.78,0.0600000000000005,1501.3333,0.003781519354451035,1418.3333,-0.021851218085718216,120205.6667,0.0060970204524330995,0
TX,1996Q4,1996-10-01,136.28,0.0035283776681698242,158.6667,0.0029129836300674228,5.28,-0.026699999999999946,6.3433,-0.4367000000000001,1417.0,-0.05781161925824918,1393.6667,-0.017544262231424135,120918.3333,0.005911221406389444,0
TX,1997Q1,1997-01-01,136.89,0.00446609081465521,159.6333,-0.0025774313618391886,5.2767,-0.0033000000000003027,6.5633,0.21999999999999975,1432.6667,0.010995572110300778,1421.0,0.019422661490922977,121673.3333,0.006224471336761184,0
TX,1997Q2,1997-04-01,137.92,0.007496123307961788,160.0,-0.00377902885599557,5.5233,0.24659999999999993,6.6967,0.13339999999999996,1476.0,0.029798193359436453,1412.3333,-0.0061176897402566155,122555.0,0.007220051155632845,0
TX,1997Q3,1997-07-01,139.26,0.009668882599018325,160.8,0.002693036145784866,5.5333,0.009999999999999787,6.2433,-0.45340000000000025,1457.6667,-0.012498719548010406,1461.0,0.033877973393855676,123258.6667,0.005725219687899852,0
TX,1997Q4,1997-10-01,140.9,0.0117077293902339,161.6667,0.00038791019901385226,5.5067,-0.02659999999999929,5.9067,-0.3365999999999998,1532.0,0.049737064688128996,1474.6667,0.009310865387339717,124232.6667,0.007871023321367687,0
TX,1998Q1,1998-01-01,143.16,0.015912466993190044,162.0,-0.0033159249325889206,5.52,0.013299999999999201,5.5867,-0.3199999999999994,1558.6667,0.01725670500911214,1602.3333,0.08302888128481545,124996.0,0.006125584965582576,0
TX,1998Q2,1998-04-01,144.16,0.0069609079622026115,162.5333,0.0012270418430011532,5.5,-0.019999999999999574,5.5967,0.009999999999999787,1572.3333,0.008729918106587853,1550.6667,-0.03277591195627938,125788.6667,0.006321513592599359,0
TX,1998Q3,1998-07-01,146.49,0.016033372881651076,163.3667,0.0018278948140482143,5.5333,0.03329999999999966,5.2033,-0.39340000000000064,1631.3333,0.036836961485087194,1613.6667,0.03982407546189837,126500.6667,0.005644328126528819,0
TX,1998Q4,1998-10-01,148.07,0.010727968178948721,164.1333,-0.00043292816662976463,4.86,-0.6732999999999993,4.67,-0.5332999999999997,1722.3333,0.05428228536416135,1711.0,0.058568951963719584,127255.3333,0.005947988027214635,0
TX,1999Q1,1999-01-01,149.46,0.00934366358151717,164.7333,-0.0010326352839786779,4.7333,-0.12670000000000048,4.9833,0.3132999999999999,1709.3333,-0.007576529833868584,1705.6667,-0.003121934212511057,128016.6667,0.005964897500332356,0
TX,1999Q2,1999-04-01,152.34,0.01908606644249744,165.9667,0.003810463300492728,4.7467,0.013399999999999856,5.54,0.5567000000000002,1574.3333,-0.08227153037659285,1647.3333,-0.034798262033959304,128830.6667,0.006338416789947843,0
TX,1999Q3,1999-07-01,154.86,0.016406618013935947,167.2,-5.582845734686259e-05,5.0933,0.34660000000000046,5.8833,0.34330000000000016,1650.6667,0.04734738583515963,1634.6667,-0.007718868306268334,129588.3333,0.005863878205810025,0
TX,1999Q4,1999-10-01,156.68,0.011684025839052481,168.4333,-5.4409750155137715e-05,5.3067,0.21340000000000003,6.14,0.2566999999999995,1654.6667,0.0024203319112494626,1668.0,0.020186373579237582,130475.6667,0.006823988274847537,0
TX,2000Q1,2000-01-01,159.01,0.014761584526675087,170.1,0.002497548597422572,5.6767,0.3700000000000001,6.48,0.34000000000000075,1659.0,0.002615412389011418,1690.0,0.013103224998427088,131245.0,0.005879058200426002,0
TX,2000Q2,2000-04-01,161.65,0.01646641084713707,171.4333,-0.0020389034024361763,6.2733,0.5965999999999996,6.1767,-0.3033000000000001,1586.6667,-0.04457961062468474,1570.6667,-0.07322835003139616,132017.3333,0.0058674213363811845,0
TX,2000Q3,2000-07-01,164.09,0.01498155361561615,173.0,0.0012895545521987017,6.52,0.2466999999999997,5.8933,-0.2834000000000003,1503.6667,-0.05372880865743923,1554.6667,-0.0102389970826815,132266.3333,0.001884339481748043,0
TX,2000Q4,2000-10-01,165.98,0.011452241383243411,174.2333,-0.0019937135854419807,6.4733,-0.04669999999999952,5.5667,-0.3266,1544.0,0.026469859676401697,1578.0,0.014897040602777523,132541.3333,0.0020769798880060364,0
TX,2001Q1,2001-01-01,170.7,0.028040330630092924,175.9,0.0024168347684545566,5.5933,-0.8799999999999999,5.05,-0.5167000000000002,1605.0,0.03874730497939449,1671.3333,0.05746346870015362,132747.3333,0.0015530255705549223,0
TX,2001Q2,2001-04-01,172.93,0.012979258537435534,177.1333,-0.002533541275180795,4.3267,-1.2666000000000004,5.27,0.21999999999999975,1630.0,0.015456258236691944,1652.3333,-0.011433280927001022,132388.6667,-0.002705530888174934,0
TX,2001Q3,2001-07-01,174.22,0.0074319800529156765,177.6333,-0.004168148225196511,3.4967,-0.8299999999999996,4.98,-0.28999999999999915,1599.6667,-0.018784719772997782,1592.6667,-0.03677862903206819,131985.3333,-0.003051235847101097,0
TX,2001Q4,2001-10-01,176.17,0.011130569548302383,177.5,-0.00356946057338714,2.1333,-1.3634,4.77,-0.21000000000000085,1570.0,-0.01871967568545685,1632.3333,0.02460068246663827,131193.0,-0.006021283621315376,0
TX,2002Q1,2002-01-01,176.68,0.0028907487892775308,178.0667,0.003938294354740357,1.7333,-0.40000000000000013,5.0767,0.3067000000000002,1723.0,0.09299133818557603,1714.3333,0.0490137950493601,130772.6667,-0.0032090744257935455,0
TX,2002Q2,2002-04-01,178.18,0.008454088564171514,179.4667,0.004643885906293832,1.75,0.016699999999999937,5.1,0.023299999999999876,1691.0,-0.01874688762934973,1714.3333,0.0,130640.6667,-0.0010098950156969266,0
TX,2002Q3,2002-07-01,180.96,0.015481737075313085,180.4333,-0.0024599711979007566,1.74,-0.010000000000000009,4.26,-0.8399999999999999,1697.3333,0.003738302471958832,1745.3333,0.017921281600230543,130555.6667,-0.0006508514257781428,0
TX,2002Q4,2002-10-01,182.86,0.01044482036846972,181.5,0.0005229683140761665,1.4433,-0.29669999999999996,4.0067,-0.2532999999999994,1729.6667,0.018870358600627135,1822.0,0.04298925855677105,130566.0,7.914548138465705e-05,0
TX,2003Q1,2003-01-01,183.73,0.004746455895363155,183.3667,0.004337845982972155,1.25,-0.19330000000000003,3.92,-0.08670000000000044,1736.0,0.0036548852491300465,1806.3333,-0.008635809375488357,130416.3333,-0.0011469490253581682,0
TX,2003Q2,2003-04-01,184.91,0.0064019315872512195,183.0667,-0.011869724983207597,1.2467,-0.0033000000000000806,3.62,-0.2999999999999998,1753.6667,0.010125236850194952,1837.6667,0.017197679616102413,130185.3333,-0.0017728210530236765,0
TX,2003Q3,2003-07-01,185.5,0.00318566182859481,184.4333,0.009074718883136157,1.0167,-0.22999999999999998,4.2333,0.6132999999999997,1889.6667,0.07469161122549828,1937.3333,0.052815770755764824,130196.3333,8.449135570920419e-05,0
TX,2003Q4,2003-10-01,186.63,0.0060731651475487425,185.1333,-0.003649087541439222,0.9967,-0.019999999999999907,4.2867,0.05339999999999989,2035.6667,0.07442291763368747,1972.3333,0.017904818291845537,130502.6667,0.002350093717186752,0
TX,2004Q1,2004-01-01,187.52,0.004757459193609925,186.7,0.0046387187415168896,1.0033,0.00660000000000005,4.02,-0.26670000000000016,1918.3333,-0.059366645817998,1994.6667,0.011259710589305527,130905.6667,0.0030833012400695026,0
TX,2004Q2,2004-04-01,189.42,0.010081265409306539,188.1667,-0.0006017228716839185,1.01,0.006699999999999928,4.6,0.5800000000000001,1937.3333,0.009855703704603869,2080.0,0.041890924997930234,131634.3333,0.005550913925581824,0
TX,2004Q3,2004-07-01,190.97,0.008149575849367707,189.3667,-0.0014681466710397828,1.4333,0.4233,4.3033,-0.2966999999999995,1977.0,0.02026810435433468,2069.6667,-0.004980313892927413,131960.6667,0.0024760224338145065,0
TX,2004Q4,2004-10-01,193.15,0.01135074146496784,191.4,0.004323057247757056,1.95,0.5166999999999999,4.1733,-0.1299999999999999,1965.3333,-0.0059186949302061365,2086.0,0.007860776758281673,132520.6667,0.004234709721576024,0
TX,2005Q1,2005-01-01,194.17,0.0052669748940719074,192.3667,-0.00564216478841395,2.47,0.5200000000000002,4.2967,0.12340000000000018,2071.6667,0.052691603126395314,2105.0,0.009067110555763591,132989.6667,0.003532822860689677,0
TX,2005Q2,2005-04-01,197.33,0.016143390174971906,193.6667,0.001697226661699247,2.9433,0.4732999999999996,4.16,-0.13670000000000027,2051.3333,-0.009863480402523273,2137.6667,0.015399439957597849,133719.0,0.005469151992585353,0
TX,2005Q3,2005-07-01,200.49,0.015886916009754337,196.6,0.00829737344040371,3.46,0.5167000000000002,4.2133,0.053300000000000125,2100.0,0.0234473727472313,2228.3333,0.041538999834990875,134451.3333,0.0054617161523182745,0
TX,2005Q4,2005-10-01,202.85,0.01170241946136752,198.4333,-0.005750751616615091,3.98,0.52,4.49,0.27669999999999995,2068.6667,-0.01503305125786003,2169.3333,-0.026834021603955982,134932.3333,0.0035711186000924044,0
TX,2006Q1,2006-01-01,205.19,0.011469589513199985,199.4667,-0.004087534199871179,4.4567,0.4766999999999997,4.57,0.08000000000000007,2120.3333,0.02466899983624149,2157.0,-0.0057015179159582985,135732.6667,0.005913847246914017,0
TX,2006Q2,2006-04-01,208.5,0.016002662073200113,201.2667,0.003789307522172436,4.9067,0.4500000000000002,5.07,0.5,1855.0,-0.13368859724836035,1923.3333,-0.11465859288614322,136265.3333,0.003916699982713823,0
TX,2006Q3,2006-07-01,211.58,0.014664136319772147,203.1667,0.0004123409818168611,5.2467,0.33999999999999986,4.8967,-0.17330000000000023,1702.3333,-0.08588485664296908,1713.3333,-0.11561900317716489,136682.3333,0.003055533169638025,0
TX,2006Q4,2006-10-01,214.49,0.013659939676075261,202.3333,-0.013506416775125096,5.2467,0.0,4.63,-0.26670000000000016,1570.0,-0.0809242200562128,1581.0,-0.08038321311637553,137050.6667,0.002691189022183238,0
TX,2007Q1,2007-01-01,217.22,0.01264754761718656,204.317,0.01386685835465773,5.2567,0.010000000000000675,4.68,0.04999999999999982,1461.3333,-0.07172638119283103,1606.6667,0.016104101913951396,137605.3333,0.004038996810887596,0
TX,2007Q2,2007-04-01,220.89,0.01675417519684519,206.631,0.0015055128268333107,5.25,-0.006700000000000372,4.8467,0.16670000000000051,1451.0,-0.0070962642653347174,1456.6667,-0.09801091681860274,137969.6667,0.002644170278681912,0
TX,2007Q3,2007-07-01,221.66,0.003479836298772021,207.939,-0.004951710879503857,5.0733,-0.1767000000000003,4.73,-0.1166999999999998,1289.0,-0.1183862499450008,1314.3333,-0.10282120245670345,138052.0,0.0005965713012763274,0
TX,2007Q4,2007-10-01,223.35,0.007595371450620725,210.4897,0.005881779723557301,4.4967,-0.5766,4.26,-0.47000000000000064,1166.0,-0.10028763602874946,1188.3333,-0.10077780371832201,138286.6667,0.0016983997151864827,0
TX,2008Q1,2008-01-01,224.54,0.005313817232505791,212.7697,-0.0014183140476200506,3.1767,-1.3199999999999998,3.6633,-0.5966999999999998,1064.0,-0.09154369700884768,1025.0,-0.14785912455728667,138326.3333,0.00028680214069432,0
TX,2008Q2,2008-04-01,225.16,0.0027573955651920556,215.5377,0.0021518368246313813,2.0867,-1.0899999999999999,3.8867,0.22339999999999982,1010.6667,-0.05142517882590791,1061.0,0.03451924704147391,137863.6667,-0.0033503532552288107,0
TX,2008Q3,2008-07-01,224.47,-0.003069192632371376,218.861,0.0023755127450408864,1.94,-0.14670000000000005,3.8633,-0.023399999999999643,862.3333,-0.15872363621257612,858.6667,-0.21158630123797373,137156.0,-0.005146310228218098,0
TX,2008Q4,2008-10-01,224.83,0.001602493109456482,213.8487,-0.038469058355938834,0.5067,-1.4333,3.2533,-0.6100000000000003,663.0,-0.2628668646772434,638.6667,-0.29599811532124765,135559.6667,-0.01170707610223154,0
TX,2009Q1,2009-01-01,227.48,0.011717761365687807,212.3777,0.01626560712872216,0.1833,-0.3234,2.7367,-0.5166,525.6667,-0.2321076284793948,538.6667,-0.17028570976064472,133297.0,-0.016832166740949006,0
TX,2009Q2,2009-04-01,226.02,-0.006438831506594411,213.507,0.012205788099366899,0.18,-0.0032999999999999974,3.3133,0.5766,534.3333,0.016352439851941902,559.3333,0.03764852647016781,131432.0,-0.01409011370096458,0
TX,2009Q3,2009-07-01,223.8,-0.009870695054179812,215.344,0.0032638047305484363,0.1567,-0.023299999999999987,3.5167,0.20340000000000025,588.3333,0.0962738224836528,606.6667,0.0812340075835003,130460.0,-0.007422941236086444,0
TX,2009Q4,2009-10-01,223.18,-0.002774175120269007,217.03,-0.000768287133378287,0.12,-0.03670000000000001,3.46,-0.056700000000000195,567.6667,-0.035759173327579497,623.3333,0.027101821356800393,129975.3333,-0.0037219777621615435,0
TX,2010Q1,2010-01-01,221.82,-0.006112378580960254,217.374,-0.006215063855589342,0.1333,0.013300000000000006,3.7167,0.25669999999999993,618.0,0.08495400674320752,657.6667,0.05361690033415645,129791.3333,-0.0014166562105994984,0
TX,2010Q2,2010-04-01,222.01,0.0008561837262313077,217.2973,-0.0019366898381862896,0.1933,0.06,3.49,-0.22669999999999968,602.0,-0.02623101214886958,599.6667,-0.09232426716988318,130424.0,0.0048626492421650624,0
TX,2010Q3,2010-07-01,223.39,0.006196696973005622,217.9343,0.003280089605024905,0.1867,-0.006599999999999995,2.7867,-0.7033,579.6667,-0.03780416211833604,574.0,-0.04374460454929174,130390.3333,-0.00025816602761885576,0
TX,2010Q4,2010-10-01,222.35,-0.004666405919127037,219.699,0.005137607246683551,0.1867,0.0,2.8633,0.0766,542.3333,-0.06657252610237308,583.3333,0.016129324787024224,130733.0,0.0026245597616192384,0
TX,2011Q1,2011-01-01,219.1,-0.01472447035528468,222.0437,0.0025509951290105803,0.1567,-0.03,3.46,0.5966999999999998,582.3333,0.07116220713684918,567.0,-0.02839941737883933,131059.0,0.0024905281178000394,0
TX,2011Q2,2011-04-01,218.03,-0.004895578601463946,224.5683,0.0006899015632813033,0.0933,-0.06340000000000001,3.21,-0.25,574.3333,-0.013833074403447831,611.6667,0.07582822258872035,131743.6667,0.005210512188654093,0
TX,2011Q3,2011-07-01,219.88,0.008449274992503142,226.0327,-0.004805896659700437,0.0833,-0.009999999999999995,2.4267,-0.7833000000000001,619.3333,0.07543368706284603,626.0,0.02316284478362629,132153.6667,0.003107271487751362,0
TX,2011Q4,2011-10-01,220.07,0.0008637345689841425,227.0473,-0.0020210997837715183,0.0733,-0.009999999999999995,2.0467,-0.3799999999999999,671.6667,0.08111865845610478,691.3333,0.09927168080525561,132710.3333,0.004203420771665023,0
TX,2012Q1,2012-01-01,219.94,-0.0005908956786555564,228.326,0.0011373797223193094,0.1033,0.03,2.0367,-0.009999999999999787,707.3333,0.051739748040000144,752.0,0.08411427204448607,133501.0,0.005940160511729076,0
TX,2012Q2,2012-04-01,221.49,0.007022659856395386,228.808,-0.003507274831300755,0.1533,0.04999999999999999,1.8233,-0.21340000000000026,739.3333,0.04424685077607471,774.0,0.028835549639887326,133923.3333,0.0031585282154296124,0
TX,2012Q3,2012-07-01,223.43,0.008720724152211368,229.841,0.002395749945685033,0.1433,-0.009999999999999981,1.6433,-0.17999999999999994,780.3333,0.05397230194947422,873.0,0.12036368224987459,134337.6667,0.0030890344065568343,0
TX,2012Q4,2012-10-01,225.07,0.007313299039109822,231.3693,0.002122828158626966,0.16,0.016699999999999993,1.7067,0.06340000000000012,908.0,0.15152324249528082,915.0,0.046988509435919035,134856.0,0.0038510114070664514,0
TX,2013Q1,2013-01-01,226.69,0.007171980449928839,232.2993,-0.002615878574562025,0.1433,-0.016699999999999993,1.95,0.24329999999999985,953.3333,0.04872020157945922,952.0,0.03964096951584395,135497.3333,0.004744417205282403,0
TX,2013Q2,2013-04-01,230.82,0.018054740611825437,232.045,-0.005106799221393565,0.1167,-0.026600000000000013,1.9967,0.046699999999999964,868.0,-0.09377286552040243,985.6667,0.03475323021106114,136082.6667,0.004310584773152826,0
TX,2013Q3,2013-07-01,234.57,0.01611586481227345,233.3,0.006489168705049231,0.0833,-0.0334,2.71,0.7133,882.3333,0.01637816112002266,988.3333,0.0027017240344768823,136619.3333,0.003935924876344643,0
TX,2013Q4,2013-10-01,237.37,0.011866054388327996,234.1627,-0.0017028667855587543,0.0867,0.0034000000000000002,2.7467,0.03670000000000018,1009.0,0.13414514457323534,1026.0,0.03740303669381184,137243.3333,0.004557036470934861,0
TX,2014Q1,2014-01-01,241.28,0.016337979626730892,235.621,0.00251741516916848,0.0733,-0.013399999999999995,2.7633,0.016599999999999948,934.0,-0.07723858212476564,1027.3333,0.0012986690347727148,137752.6667,0.003704301025585721,0
TX,2014Q2,2014-04-01,247.41,0.025088794693782113,236.8723,-0.0009118136123378306,0.0933,0.01999999999999999,2.6233,-0.14000000000000012,987.0,0.05519360120463901,1039.3333,0.011613034112283316,138553.3333,0.005795522652929819,0
TX,2014Q3,2014-07-01,251.9,0.017985303845191147,237.4783,-0.0027415218995301416,0.09,-0.0032999999999999974,2.4967,-0.12659999999999982,1030.6667,0.04329111394724716,1066.6667,0.025959102491937003,139301.3333,0.005384122686288961,0
TX,2014Q4,2014-10-01,254.92,0.011917587087528325,236.8883,-0.005042602386027717,0.1,0.010000000000000009,2.28,-0.21670000000000034,1049.3333,0.01794913572225365,1075.0,0.007782109192055131,140083.6667,0.005600411223202428,0
TX,2015Q1,2015-01-01,258.66,0.014564687541005483,235.355,-0.004006180580342189,0.11,0.009999999999999995,1.9667,-0.3132999999999999,977.0,-0.07142363706020038,1082.6667,0.00710650283987313,140772.6667,0.00490643293569093,0
TX,2015Q2,2015-04-01,265.09,0.024554932981918576,236.96,0.013290047385601689,0.1233,0.013300000000000006,2.1667,0.20000000000000018,1158.0,0.1699630060901578,1272.3333,0.16142529447689835,141481.0,0.005019136121720891,0
TX,2015Q3,2015-07-01,270.69,0.020904863705501597,237.855,-0.0030264441535337028,0.1367,0.013399999999999981,2.22,0.053300000000000125,1166.6667,0.007456329247883531,1149.6667,-0.10138038461589272,142130.3333,0.004579044335265792,0
TX,2015Q4,2015-10-01,272.99,0.00846090980291514,237.837,-0.003845573011195924,0.16,0.023300000000000015,2.19,-0.03000000000000025,1125.3333,-0.03607144995393874,1205.0,0.04700749266211357,142821.3333,0.004849954820219438,0
TX,2016Q1,2016-01-01,276.93,0.014329602192735713,237.6893,-0.0005455272390388899,0.36,0.19999999999999998,1.92,-0.27,1142.6667,0.015285482794204164,1153.6667,-0.043534262064137685,143426.0,0.004224791144169515,0
TX,2016Q2,2016-04-01,284.0,0.025209471491036695,239.5903,0.008587229113127037,0.3733,0.013300000000000034,1.7533,-0.16669999999999985,1171.3333,0.0247779314002452,1191.0,0.03184798549468226,143967.0,0.0037648838978459054,0
TX,2016Q3,2016-07-01,289.81,0.020251297686283642,240.6073,-0.003730260039663591,0.3967,0.023399999999999976,1.5633,-0.19000000000000017,1159.3333,-0.010297574127372755,1234.0,0.03546763511003359,144716.0,0.005189094478540213,0
TX,2016Q4,2016-10-01,292.71,0.0099568219404782,242.1347,0.0020922763678568046,0.45,0.053300000000000014,2.13,0.5667,1235.0,0.06322587156811643,1244.0,0.008071068833791273,145218.6667,0.003467451542519484,0
TX,2017Q1,2017-01-01,296.57,0.013100920475212163,243.8387,0.0006847192618311126,0.7,0.24999999999999994,2.4433,0.3132999999999999,1217.0,-0.014682156074551145,1269.6667,0.020422430764979183,145814.6667,0.00409575649775995,0
TX,2017Q2,2017-04-01,305.37,0.02924087786917795,244.12,-0.005859791686013693,0.95,0.25,2.2633,-0.17999999999999972,1184.0,-0.027490277543575914,1270.6667,0.0007872982748269308,146379.3333,0.0038650164132896236,0
TX,2017Q3,2017-07-01,309.77,0.014305930492618302,245.287,0.003616079295716723,1.1533,0.20330000000000004,2.2433,-0.020000000000000018,1182.0,-0.0016906174779069971,1282.6667,0.009399546766082345,146899.6667,0.0035483887081060317,0
TX,2017Q4,2017-10-01,312.52,0.008838380503567222,247.2383,0.0031546494755501087,1.2033,0.050000000000000044,2.37,0.12670000000000003,1235.6667,0.04440274349256956,1322.0,0.030204471306618075,147348.0,0.003047321679519044,0
TX,2018Q1,2018-01-01,316.79,0.013570626656955298,249.3217,0.0004676862781423097,1.4467,0.24340000000000006,2.76,0.3899999999999997,1298.0,0.04921395580542143,1341.0,0.014269862870047056,147998.0,0.004401624192917453,0
TX,2018Q2,2018-04-01,323.66,0.021454488303240815,250.679,-0.0029621758713087587,1.7367,0.2899999999999998,2.92,0.16000000000000014,1275.0,-0.017878439671508595,1353.6667,0.009401380360985812,148707.3333,0.004781408163449186,0
TX,2018Q3,2018-07-01,327.89,0.012984604194041793,251.6863,-0.0014189711510859127,1.9233,0.1866000000000001,2.9267,0.006699999999999928,1248.6667,-0.02086983656146124,1307.0,-0.035082550018442404,149218.3333,0.0034303892439613293,0
TX,2018Q4,2018-10-01,328.84,0.0028931240011509374,252.711,5.283795693422633e-05,2.22,0.2967000000000002,3.0333,0.10660000000000025,1165.6667,-0.06878314403985986,1309.6667,0.0020382427178970985,149651.0,0.002895358968281414,0
TX,2019Q1,2019-01-01,332.84,0.012090583748296524,253.3857,-0.0013967820881735094,2.4033,0.18330000000000002,2.6533,-0.3799999999999999,1179.3333,0.011656080795859225,1278.3333,-0.024215557284491318,150140.6667,0.0032667161221926477,0
TX,2019Q2,2019-04-01,338.68,0.017393814741847535,255.2473,0.0046537548942557905,2.3967,-0.006600000000000161,2.3333,-0.3200000000000003,1269.3333,0.0735425231955773,1322.6667,0.0340928058806389,150682.3333,0.003601235180829221,0
TX,2019Q3,2019-07-01,342.66,0.011682993130749608,256.0893,-0.004026712692899004,2.19,-0.2067000000000001,1.7967,-0.5366,1308.6667,0.03051703065687228,1443.3333,0.08730530429547123,151157.0,0.0031451639260939857,0
TX,2019Q4,2019-10-01,345.21,0.007414225598650681,257.888,0.003705837709737203,1.6433,-0.5467,1.7933,-0.0034000000000000696,1408.6667,0.07363482153141643,1500.3333,0.03873205317380002,151640.3333,0.003192456850491965,0
TX,2020Q1,2020-01-01,348.94,0.010747060148278642,258.8177,-0.0034005996368007274,1.26,-0.3833,1.3767,-0.41659999999999986,1465.3333,0.03943907093651866,1432.0,-0.04661521488694653,151739.6667,0.0006548447725602813,1
TX,2020Q2,2020-04-01,351.61,0.007622619165511324,256.292,-0.013405104135240542,0.06,-1.2,0.6867,-0.6900000000000001,1080.3333,-0.3048131204886859,1220.0,-0.16022120979328847,133712.3333,-0.1264756074603639,1
TX,2020Q3,2020-07-01,357.0,0.015213174962371845,259.2217,0.021172794056683486,0.0933,0.033299999999999996,0.65,-0.036699999999999955,1465.0,0.3045856378324041,1571.6667,0.253285789881053,140615.3333,0.05033730369134837,1
TX,2020Q4,2020-10-01,365.05,0.02229854872245607,261.0917,-0.004178254145169369,0.09,-0.0032999999999999974,0.8633,0.21329999999999993,1566.6667,0.06709499885546855,1689.3333,0.07219730543291458,142580.3333,0.013877553703624201,1
TX,2021Q1,2021-01-01,373.79,0.023659811887576154,263.7423,0.002912796934854356,0.08,-0.009999999999999995,1.3167,0.4534,1576.6667,0.006362693652882001,1774.0,0.04890292982825439,143491.6667,0.006371378414680606,1
TX,2021Q2,2021-04-01,395.61,0.05673473509804605,268.5503,0.007964939971683904,0.07,-0.009999999999999995,1.5933,0.27659999999999996,1578.0,0.0008452874463014126,1692.6667,-0.04693166958021866,145157.3333,0.011541249676387366,1
TX,2021Q3,2021-07-01,420.69,0.061467342918952284,272.8297,-0.002256185860151305,0.09,0.01999999999999999,1.3233,-0.27,1589.3333,0.007156397698102168,1678.0,-0.008702606262154688,147282.3333,0.014533167999211116,1
TX,2021Q4,2021-10-01,437.9,0.04009435340068368,278.7713,0.005734383850272806,0.08,-0.009999999999999995,1.5367,0.21340000000000003,1668.6667,0.04871030419571731,1797.0,0.06851599975640799,149206.0,0.012976522026251658,1
TX,2022Q1,2022-01-01,458.34,0.0456206929739702,284.9057,0.00022257451258500538,0.12,0.039999999999999994,1.94,0.4033,1716.3333,0.028165288657145737,1881.6667,0.04603931884688528,150715.3333,0.010064946198092173,1
TX,2022Q2,2022-04-01,489.48,0.06573233633614439,291.6053,0.0014764113159460024,0.77,0.65,2.93,0.9900000000000002,1634.0,-0.04915921653683597,1766.6667,-0.0630633758904171,151968.3333,0.008279317952810672,1
TX,2022Q3,2022-07-01,500.68,0.022623571342355042,295.453,-0.010134331038405442,2.19,1.42,3.1067,0.17669999999999986,1466.6667,-0.1080387214544336,1620.0,-0.08666840151359789,153338.6667,0.00897681744701373,1
TX,2022Q4,2022-10-01,494.28,-0.012865016223832626,298.5417,-0.0027087463644894783,3.6533,1.4633000000000003,3.83,0.7233,1389.0,-0.05440821121117079,1468.3333,-0.0982982012257354,154174.3333,0.0054350135252043685,1
TX,2023Q1,2023-01-01,496.0,0.0034737684889378784,301.2303,-0.0014343829181848733,4.5167,0.8634,3.6467,-0.18330000000000002,1379.0,-0.0072254649610421495,1502.6667,0.023113381673648625,154992.0,0.005289506122615251,1
TX,2023Q2,2023-04-01,501.14,0.010309576441303925,303.3977,-0.001796069248992893,4.99,0.47330000000000005,3.5933,-0.05339999999999989,1453.0,0.05227178577698055,1504.3333,0.0011084803263390341,155636.6667,0.004150728472065879,1
TX,2023Q3,2023-07-01,506.88,0.011388786019774777,305.989,0.0013352698010988817,5.26,0.2699999999999996,4.15,0.5567000000000002,1382.6667,-0.04961635878097059,1540.0,0.02343260640699274,156240.3333,0.003871188666582981,1
TX,2023Q4,2023-10-01,503.89,-0.005916298903755113,308.195,-0.0013211215306911939,5.33,0.07000000000000028,4.44,0.29000000000000004,1467.6667,0.05965983501011962,1516.6667,-0.015267450152766315,156712.0,0.0030143060584215675,1
TX,2024Q1,2024-01-01,510.5,0.01303264732246845,311.0033,0.001887277603742632,5.33,0.0,4.16,-0.28000000000000025,1415.0,-0.036544329722093316,1532.6667,0.01049419314869482,157245.3333,0.0033974923115458466,1
TX,2024Q2,2024-04-01,516.7,0.01207179768841904,313.0807,-0.002413361803679237,5.33,0.0,4.4433,0.28329999999999966,1342.6667,-0.052471820080779,1442.3333,-0.06074700995752824,157611.0,0.002322753749755435,1
TX,2024Q3,2024-07-01,518.39,0.0032654194354124755,314.121,-0.0033401845150260456,5.2633,-0.06669999999999998,3.9467,-0.49659999999999993,1337.6667,-0.0037308834787390666,1448.6667,0.004381466711854465,157805.6667,0.0012343464709907437,1
TX,2024Q4,2024-10-01,522.06,0.0070546690774362375,316.5877,0.00450475719563137,4.65,-0.6132999999999997,4.2833,0.3365999999999998,1387.0,0.03621631379701107,1472.0,0.01597840413089191,158113.3333,0.0019477568444283833,1
TX,2025Q1,2025-01-01,524.34,0.004357805061520281,319.475,0.0012566926772263898,4.33,-0.3200000000000003,4.4533,0.16999999999999993,1401.0,0.010043126022175386,1465.0,-0.0047667778376538905,158318.3333,0.0012956985682421873,1
TX,2025Q2,2025-04-01,526.32,0.0037690639102345713,320.7857,-0.0049844516426169605,4.33,0.0,4.36,-0.09329999999999927,1354.0,-0.03412309286478621,1403.0,-0.04324244134870625,158487.0,0.0010647972000938921,1
TX,2025Q3,2025-07-01,526.74,0.0007976753884300081,323.235,0.003512038479817292,4.2933,-0.03669999999999973,4.2567,-0.10329999999999995,1346.3333,-0.005678351335521192,1369.0,-0.024532254814012333,158520.6667,0.00021240306568515166,1
TX,2025Q4,2025-10-01,527.87,0.0021429731036963773,325.547,-0.0004790823209113171,3.8967,-0.3966000000000003,4.0967,-0.16000000000000014,1327.6667,-0.013961782516461518,1418.0,0.03516688180362415,158429.6667,-0.0005742224753273462,1
